,bin_serial,Latitudine,Longitudine,counts
2598,4318007846,45.51547139894928,9.204896912537038,1
2249,4318007423,45.50024662062151,9.190559506939278,3
2183,4118007165,45.48954162548493,9.20110833795593,4
1788,4118006530,45.49139462646265,9.205084178534893,4
3077,5018009813,45.50346260172154,9.246132765610467,4
2747,4318008055,45.48257271131956,9.191300931599473,5
2959,5018009571,45.491168940355074,9.22612242585808,6
1025,1419015690,45.50939685045845,9.267616573839176,6
1101,3718005496,45.47742841657715,9.205091074832694,6
1293,3718005795,45.486161095089024,9.215013481443409,8
2749,4318008059,45.49473348865012,9.1993772328492,10
431,219011891,45.475312509879295,9.218047556150054,10
2498,4318007727,45.51241296095049,9.22473896206634,12
2663,4318007951,45.51654321810607,9.205971993231287,13
2036,4118007000,45.51476459261757,9.205109709436442,14
2314,4318007500,45.490241983602345,9.222250678752744,14
1907,4118006719,45.48416745066899,9.200344110157516,18
2828,4718009323,45.483883767204645,9.216792262178046,18
265,219011716,45.47790497272714,9.210802512301145,20
2629,4318007890,45.507459,9.185115,20
2239,4318007407,45.501167790263345,9.195992535146273,26
1070,3718005441,45.47076756130653,9.218472465971331,26
480,519011942,45.47701082661985,9.216852982457569,27
2882,5018009384,45.48203867282654,9.247303785142776,29
2402,4318007608,45.48637855494542,9.218234387006873,30
1899,4118006700,45.4841672,9.1955812,31
1822,4118006579,45.4957343614367,9.191996015860813,32
381,219011836,45.46963270000001,9.2111636,32
423,219011883,45.47076241570392,9.208532695894178,34
1729,4118006451,45.5066592,9.1975117,34
1615,3718006279,45.46998347938077,9.21598463553903,35
2762,4318008079,45.49228651379215,9.192962403247293,38
2061,4118007030,45.49415025631548,9.18273625841698,39
94,219010953,45.51232774509928,9.24152280416456,39
371,219011826,45.47477429999999,9.2105629,40
1454,3718006057,45.48982698418544,9.20075300971439,42
2055,4118007022,45.488774316790675,9.190992552219997,44
38,119010885,45.5064186,9.2371724,46
1979,4118006925,45.48640212668874,9.244632555779276,47
2617,4318007870,45.48372539450371,9.187072843245687,48
1357,3718005917,45.47146002699211,9.213322808359068,50
1601,3718006263,45.485742213188,9.233261379787448,50
2308,4318007493,45.46915577282735,9.208560553956543,52
992,1419015268,45.477701813452384,9.225791262520488,53
1519,3718006166,45.48536305029974,9.208912896456807,53
2729,4318008024,45.5177447217365,9.193722567631882,55
951,1419015172,45.4778731887885,9.224438312494952,55
2326,4318007513,45.47423402159746,9.229737601253989,56
59,119010912,45.502984493355065,9.24119985877678,56
2668,4318007957,45.51737773648836,9.193806584942195,56
1608,3718006272,45.49140519813714,9.18392911759588,58
2131,4118007106,45.49526007920897,9.183192105351507,59
3113,5018010095,45.4802052,9.2266642,60
1570,3718006221,45.49326454753949,9.216489955592124,60
502,519011965,45.473186,9.217806,61
271,219011722,45.47665872097296,9.214739652909088,62
2746,4318008054,45.4919053,9.1823317,63
472,519011934,45.47487460000001,9.2215168,63
3088,5018009824,45.508788451204786,9.255842341578727,64
3119,5018010101,45.4753626,9.224805300000002,65
3069,5018009703,45.479264351667176,9.229635769914921,65
839,1219014645,45.47477219503403,9.204654835016527,66
267,219011718,45.47789883196583,9.210690846918737,66
84,219010943,45.50133235599011,9.24251667711212,66
1732,4118006456,45.4817259,9.2448197,66
2743,4318008045,45.49021049669342,9.181120550599758,67
3058,5018009683,45.50840543702111,9.267090529454435,68
3078,5018009814,45.50627175232889,9.250338922507352,69
1831,4118006594,45.491602630062076,9.235707072828745,69
1713,4118006426,45.5066971,9.1939816,69
2620,4318007875,45.501117917570745,9.19574613310715,70
406,219011863,45.47001405226036,9.217069625093472,70
984,1419015259,45.4774924,9.2257963,70
669,1219014468,45.4677625763143,9.206213672831266,70
508,819013389,45.47964988959054,9.191800943728367,71
384,219011839,45.488789,9.2277881,71
1291,3718005793,45.49151542425297,9.213297989769783,72
3087,5018009823,45.50469858284086,9.250569444476696,72
2912,5018009425,45.47149556368411,9.223726516428997,73
1329,3718005844,45.49237374147543,9.193340285393788,74
89,219010948,45.51648034791861,9.240782617424204,74
1072,3718005448,45.514053577346345,9.221028446014769,74
1304,3718005808,45.48629549173468,9.21600329785474,75
1359,3718005923,45.47705704058175,9.210238555828482,75
2126,4118007101,45.48897612275125,9.191279972327493,75
3013,5018009629,45.47850647798045,9.234383531629305,75
2234,4318007400,45.52298021295663,9.227931364637243,76
706,1219014507,45.480690388174075,9.19005408474186,77
958,1419015232,45.477989824906686,9.22573871093607,77
119,219011032,45.4771265,9.2299462,78
1309,3718005814,45.5213012,9.2149913,78
722,1219014523,45.4746723665493,9.204273705829564,78
1370,3718005939,45.487577068073776,9.195298512978981,80
697,1219014496,45.4766008700109,9.200000740688893,80
1826,4118006585,45.49437196165002,9.185898338442373,82
655,1219014454,45.47726773770358,9.196254571384543,82
2133,4118007108,45.492256978709364,9.206449139355756,82
337,219011790,45.491895990100716,9.228992807605778,83
2413,4318007619,45.47099712210991,9.22336868060802,83
10,119010140,45.47772020000001,9.2237316,83
468,519011930,45.47613804093129,9.20830847957268,83
2738,4318008036,45.4947366,9.197401800000002,85
90,219010949,45.51279492101225,9.24227388019699,85
2416,4318007623,45.502114072466725,9.196106703300304,86
2695,4318007987,45.49967098538845,9.19492741351337,86
477,519011939,45.47473172750021,9.220962678158457,87
1437,3718006036,45.47716997004862,9.210133678230024,88
300,219011751,45.478003684596274,9.219539392408707,88
3106,5018009846,45.50713370045906,9.26785947868484,88
3096,5018009833,45.51156774852292,9.260995136764222,88
63,119010918,45.51351327733925,9.240048450735912,88
734,1219014536,45.480322548690175,9.192250087224352,88
2179,4118007161,45.50171413109328,9.202277197769037,89
924,1419015136,45.47752138358828,9.226579604248627,89
2878,5018009377,45.5122607,9.2245694,90
2467,4318007685,45.4708613131306,9.223510416642057,91
443,219011903,45.4772156151131,9.220813789549313,91
747,1219014550,45.47527821028539,9.202874335967751,92
3131,5018010113,45.473834725080756,9.223673989548617,92
2844,5018009342,45.49897848867722,9.228996009434582,93
820,1219014625,45.468419201874006,9.205982053783599,93
3012,5018009628,45.49126905335146,9.252663274868837,93
2421,4318007630,45.480014774969426,9.208500522636996,93
22,119010280,45.474346297510955,9.232443323754751,93
2870,5018009369,45.51871397362,9.239155135392592,94
3130,5018010112,45.475239,9.2243326,94
1890,4118006682,45.484800013332425,9.240701359805596,94
2966,5018009578,45.49642650503632,9.230688897207527,95
1418,3718006005,45.49726193534926,9.200064465815784,95
1877,4118006655,45.4846678850055,9.238174780263648,95
1768,4118006506,45.489152427665864,9.202456817817163,95
53,119010903,45.5127248,9.2293109,96
2837,5018009334,45.517996564129724,9.240275054937117,96
2832,4718009329,45.50823078896003,9.223167403300069,98
2497,4318007726,45.514794501586344,9.23128818630994,98
646,1219014445,45.478243394500026,9.1960443240024,98
108,219011020,45.47855941259148,9.230044762254238,98
501,519011964,45.476676399483864,9.210495046734195,99
2911,5018009424,45.4697888271759,9.221476903963547,99
556,1219014338,45.479422244734494,9.21010149791084,100
948,1419015168,45.47808762609785,9.225108073299113,100
1687,4118006376,45.50181453732542,9.200994607081382,100
1363,3718005929,45.49144149587136,9.196895306530225,100
2110,4118007084,45.5085214255274,9.209160558148255,100
3120,5018010102,45.47538956288615,9.225206151463,100
952,1419015173,45.47753020231824,9.226673097096523,101
1709,4118006420,45.5066744,9.1942955,102
2835,5018009332,45.5074544,9.2222817,103
987,1419015263,45.477798695617196,9.226872405573886,103
1105,3718005501,45.49639581876972,9.209582008245887,104
141,219011294,45.5080962,9.2397519,104
65,119010921,45.51172509617218,9.238056700482732,106
2808,4718009299,45.481792713826636,9.220498708596553,107
396,219011852,45.47471263680419,9.211217812689938,107
3107,5018009848,45.5092408286997,9.254178172064714,107
928,1419015144,45.47780474472641,9.224771839482967,107
753,1219014557,45.48029043506545,9.192144004880106,108
2902,5018009412,45.51699991317346,9.250018032891603,108
1440,3718006040,45.499000613634756,9.199609955205348,108
3080,5018009816,45.511437390785815,9.26012270878084,109
2520,4318007755,45.5108431,9.182258,111
942,1419015161,45.47811971016775,9.22422671557274,111
2366,4318007562,45.51795771641481,9.226441020868831,111
2793,4718009281,45.48529236382037,9.21720648789676,111
622,1219014421,45.4778258,9.1956482,112
417,219011875,45.474010052616904,9.217211845250855,113
980,1419015255,45.47782182416388,9.22685816384967,113
3136,5018010118,45.477637216478904,9.223920612303118,113
71,119010927,45.51356936693338,9.24559360983153,113
264,219011715,45.47667737397926,9.213261113164206,113
3046,5018009662,45.490306347620496,9.254714097393844,113
3084,5018009820,45.51143305171895,9.26038587378298,114
2940,5018009456,45.46954008313149,9.22257864541507,114
2527,4318007764,45.51710687309275,9.18196517112483,114
2209,4318007367,45.468089397159176,9.230506845198308,114
485,519011948,45.47314236272265,9.217992757464572,115
3138,5018010120,45.4759484,9.2264133,115
3114,5018010096,45.4799695,9.2263124,115
54,119010905,45.5143361,9.2305306,115
633,1219014432,45.477337276679876,9.195804532740793,116
287,219011738,45.47795330547106,9.21977819897188,116
452,219011913,45.4770477,9.2210408,116
347,219011800,45.506694025007725,9.222576965830056,117
2289,4318007472,45.470849451422346,9.217025697460027,117
2904,5018009415,45.517087929531456,9.243664492534435,118
2401,4318007607,45.47275381857627,9.219444112171004,118
1518,3718006165,45.516281623900454,9.211764100884238,119
990,1419015266,45.47822408787692,9.227087191503417,119
961,1419015236,45.47753779999999,9.2267675,119
1193,3718005626,45.512378568190066,9.221316954581766,120
1460,3718006067,45.49334273791212,9.198888082932283,121
394,219011850,45.4888978,9.227948800000002,121
943,1419015162,45.47777822856946,9.224516498484602,121
2931,5018009445,45.470821467394245,9.222482856393867,121
1913,4118006735,45.482066023930685,9.192407886559977,122
2127,4118007102,45.4951556,9.1965811,122
2490,4318007716,45.51388237820306,9.241847471692607,122
2853,5018009351,45.51684209951682,9.242127361328356,122
3128,5018010110,45.47988167061019,9.226651988280313,123
2703,4318007996,45.5096046,9.1898795,123
923,1419015135,45.478041573049936,9.224341504847756,123
2854,5018009352,45.50636073549396,9.222541837931429,123
2977,5018009591,45.4970956515896,9.230801988696044,124
642,1219014441,45.478246298900785,9.197498462807856,125
1802,4118006552,45.496210803598615,9.191444191376265,125
3115,5018010097,45.4800555,9.2262979,125
925,1419015139,45.47820603263626,9.22472671856508,126
272,219011723,45.4746695,9.2196614,127
969,1419015244,45.477628396298286,9.226009948276896,127
726,1219014527,45.47903429198482,9.194439213216015,128
2441,4318007653,45.474279233294105,9.232356117866402,129
3085,5018009821,45.51154131559065,9.255821995575843,129
1602,3718006264,45.51216487196186,9.200940575888806,129
313,219011765,45.48052598188241,9.21715967443913,129
358,219011811,45.49872379999999,9.2261104,129
1606,3718006270,45.49283630848353,9.191496527296863,129
2040,4118007004,45.49562736565291,9.183512934271905,129
3093,5018009830,45.51133536303098,9.260377595941463,129
638,1219014437,45.478092964622384,9.197641970068164,129
2476,4318007698,45.49772882074676,9.221288316867911,130
2922,5018009435,45.470040116871175,9.217052583382838,130
64,119010919,45.50878841916843,9.246988031088222,131
842,1219014649,45.47424689386219,9.205404019666958,132
3068,5018009702,45.50872969690503,9.266889106465667,132
2506,4318007736,45.51881005774597,9.230516341279667,132
938,1419015156,45.477955793506965,9.225027895343146,132
597,1219014393,45.48608361657868,9.20670430243126,132
20,119010264,45.474344409331856,9.23422013615982,133
941,1419015159,45.47759574980768,9.226405072233886,133
2670,4318007959,45.5112123,9.1908619,133
975,1419015250,45.4778011804085,9.226876453731393,134
102,219011011,45.47946681643086,9.235487558438876,134
2622,4318007879,45.50623934744673,9.193501520708194,134
822,1219014627,45.47189367040957,9.205642183147006,134
3129,5018010111,45.479163009493334,9.223552116146152,135
103,219011012,45.47699042111315,9.230094514818576,135
725,1219014526,45.48191355893389,9.182922706376644,135
627,1219014426,45.4772840399331,9.19601759691841,135
656,1219014455,45.4805331928012,9.211250490599696,135
2243,4318007414,45.506931195892676,9.19779857969354,135
1116,3718005516,45.467642911905536,9.210896344184334,135
2685,4318007975,45.51874545335056,9.206512090678645,136
2651,4318007937,45.517318840695665,9.198035446501878,136
2894,5018009403,45.51262084445589,9.253070847955769,136
2797,4718009286,45.5023283,9.2214648,136
2778,4318008109,45.521845547860956,9.192252131558805,136
3056,5018009679,45.48198588662878,9.23252913716692,136
69,119010925,45.51279859874307,9.236790539490016,137
935,1419015153,45.47782581198246,9.226872587440539,137
248,219011699,45.47824257800429,9.219370281808779,138
191,219011637,45.48652797695676,9.213852287888583,138
1680,4118006367,45.48866801808596,9.203889067714954,138
18,119010257,45.513699877518995,9.225191373043913,138
210,219011657,45.48160488085208,9.208037247998503,139
8,119010138,45.4738706429342,9.223619657672089,139
3029,5018009645,45.4737948,9.2364898,139
965,1419015240,45.47916445698757,9.227044984016175,139
282,219011733,45.48096548060293,9.215583027829666,140
1294,3718005796,45.492435077546006,9.215122528809617,140
25,119010865,45.51126770000001,9.229505,141
1787,4118006529,45.48597680193904,9.194007929220334,141
432,219011892,45.473427,9.2181516,141
114,219011026,45.477206447811525,9.235495274893083,142
2929,5018009443,45.46988982669116,9.221276867018103,143
2210,4318007368,45.47086587783409,9.227376803253945,143
683,1219014482,45.48058628552776,9.19055524416433,143
983,1419015258,45.477803469270036,9.226866321381523,144
692,1219014491,45.468759140841605,9.206813978099149,144
3028,5018009644,45.4785735,9.234780699999998,144
1770,4118006510,45.518172888729495,9.217678153627844,144
3127,5018010109,45.4792383,9.2234707,144
2449,4318007663,45.48073988237568,9.242712403331213,145
3122,5018010104,45.4801291,9.2257774,145
611,1219014408,45.477530146077136,9.225864034857523,145
675,1219014474,45.4682781013407,9.207156022024721,145
3095,5018009832,45.508662593368776,9.25512985884825,145
947,1419015167,45.47780503234394,9.224908088786721,146
1231,3718005712,45.49606063350915,9.197805331694894,146
73,119010929,45.51100508460458,9.235227314998724,146
2927,5018009441,45.469585265942364,9.222356696250472,147
806,1219014611,45.4746078119633,9.205050795784588,147
994,1419015270,45.479163068737385,9.226523145888336,147
124,219011038,45.47384980110244,9.230390988195039,147
2445,4318007658,45.49308044050075,9.222434616774192,147
456,219011917,45.476026730579214,9.219620374868782,148
2621,4318007877,45.502660270113665,9.196248845109725,148
2015,4118006977,45.5121294303591,9.205357027826494,148
2521,4318007757,45.51634031850415,9.194522697768091,149
164,219011609,45.48445237825222,9.245867200338012,149
3066,5018009700,45.48181203154129,9.237548297004537,149
129,219011043,45.473838699592285,9.229758461939014,150
284,219011735,45.47681946460428,9.210684159671699,150
262,219011713,45.4761537,9.2238819,150
2866,5018009365,45.51663735587303,9.240811415078042,150
2369,4318007567,45.4878505,9.2412007,150
2692,4318007983,45.5094432,9.1899172,151
637,1219014436,45.48066898557722,9.187038798249203,151
48,119010898,45.5141502,9.22967,151
1001,1419015277,45.47731452554539,9.226056123104401,151
963,1419015238,45.4785462872982,9.225926183258368,151
705,1219014505,45.47396030945159,9.206239648053607,151
2375,4318007576,45.513372575417186,9.225025027584023,152
386,219011841,45.467897048846034,9.222742282286733,152
2953,5018009469,45.46932590500674,9.221404637699834,152
180,219011625,45.497947228513915,9.225344814519076,152
138,219011052,45.50025833993526,9.24281915795882,152
944,1419015163,45.478295254824154,9.224464818560818,152
2557,4318007802,45.48914563761096,9.187613360092088,152
2917,5018009430,45.468921302728965,9.22374048646725,153
835,1219014641,45.47447306892728,9.205341516728595,153
2047,4118007012,45.49025893251538,9.181467410007373,153
998,1419015274,45.4786937535549,9.226573184583003,154
3055,5018009678,45.50633959524006,9.267920798253042,154
1627,3718006295,45.4818984,9.2410274,154
668,1219014467,45.47665302785,9.199812317287638,154
3006,5018009621,45.496289762921045,9.257345034159245,155
2901,5018009411,45.516586494193724,9.24432079904341,155
128,219011042,45.47463370000001,9.2298796,155
2447,4318007661,45.471932306119356,9.221134272101038,155
1881,4118006664,45.48070998354842,9.224867209026002,155
2085,4118007057,45.48944777784775,9.18162432077884,156
2392,4318007598,45.48159075351195,9.247388798024305,156
674,1219014473,45.476313002388366,9.200623764727766,156
2426,4318007636,45.47079344295904,9.213218271159576,157
1435,3718006034,45.50657324032977,9.210936090926566,157
1353,3718005911,45.48546022916063,9.209500262483177,157
594,1219014390,45.47837497376492,9.226956904874443,157
3146,5018010129,45.47562971699706,9.224915698322546,157
39,119010888,45.5126164,9.230345300000002,157
3124,5018010106,45.47517161286221,9.225091431924966,157
2821,4718009316,45.48262045731685,9.219072016832,157
407,219011864,45.4890075,9.2290798,157
723,1219014524,45.47988478644603,9.189913424259998,158
100,219011008,45.47767699055487,9.236564168775203,159
2690,4318007981,45.51978827722518,9.197082902710463,159
977,1419015252,45.477694722042074,9.225826970157186,159
2772,4318008099,45.50831688673864,9.192030588237683,159
2897,5018009407,45.48403376942746,9.243944079376092,159
2455,4318007669,45.49416000909402,9.219207887924654,159
2800,4718009289,45.48333342496449,9.2174542832754,159
13,119010240,45.515952872957705,9.22583254882045,160
2683,4318007973,45.5131169,9.1842244,160
748,1219014551,45.480306015271395,9.18692324065944,160
607,1219014404,45.478560397642966,9.226668218634133,160
1997,4118006954,45.47349007197686,9.245041676378037,160
897,1219014725,45.47951160951278,9.1976483364258,161
1083,3718005465,45.516614,9.2139581,161
403,219011860,45.4892835,9.2320109,161
1412,3718005994,45.481425274656104,9.198064495219567,161
829,1219014634,45.48439633484539,9.204938776202424,161
1251,3718005737,45.514348979196974,9.212947262635566,161
3140,5018010122,45.478226896241466,9.223562418757636,161
2733,4318008028,45.519207411150205,9.198248030433206,162
3010,5018009625,45.471025,9.2405069,162
1620,3718006287,45.510848723777066,9.192891978141574,162
628,1219014427,45.4780297666033,9.197623587360797,162
2944,5018009460,45.47031912161885,9.217268407275355,163
2815,4718009307,45.481428651719504,9.221286689344993,163
1736,4118006460,45.51130534401553,9.191634188423565,163
2908,5018009420,45.512360451227245,9.249745456092226,163
569,1219014364,45.4788731,9.2093169,163
2973,5018009586,45.50570989841113,9.242552855783288,163
498,519011961,45.47689432657877,9.210520786971983,163
1033,3218004019,45.52448179092454,9.179363733254602,164
2744,4318008050,45.4857565164985,9.182612782938008,164
2951,5018009467,45.470195778184355,9.22136833225636,164
5,119010135,45.4801291,9.2260746,164
454,219011915,45.4770066,9.221061,164
68,119010924,45.509387493789575,9.249553570838088,165
595,1219014391,45.485909143388135,9.206523598679267,165
2661,4318007949,45.511668809483204,9.200689191989339,166
2556,4318007801,45.506503963615856,9.1910866576618,166
353,219011806,45.49158824151775,9.226844389455664,166
2731,4318008026,45.50380412567169,9.192732492563664,166
1991,4118006942,45.493011576470145,9.23906389336628,167
2385,4318007590,45.49462889065796,9.221712231401623,167
2196,4118007186,45.519517496015844,9.186265615546404,167
647,1219014446,45.47850762095902,9.197495009176462,167
277,219011728,45.48204151018105,9.216432264820584,167
3001,5018009616,45.4735206,9.2351152,168
107,219011019,45.471218663692035,9.235026498594946,168
60,119010915,45.509572631788615,9.247608792229356,168
409,219011866,45.46812385593497,9.217004643123005,168
995,1419015271,45.476972582384214,9.226684647168213,169
654,1219014453,45.4799474,9.1987979,169
2713,4318008008,45.516755123356894,9.205265722587,169
1959,4118006852,45.48687460000001,9.2527518,169
169,219011614,45.4959267893561,9.2195223790186,170
2636,4318007910,45.51667166349954,9.205306545638225,170
2920,5018009433,45.4693948379904,9.222331246521547,170
927,1419015143,45.47786863824414,9.226835334630778,171
2948,5018009464,45.47175498185256,9.223533707102208,171
3054,5018009677,45.48164934713849,9.236505118231662,171
1883,4118006666,45.4868564,9.2536726,171
2919,5018009432,45.469276577761256,9.217534997506275,171
2918,5018009431,45.468433376238025,9.217244497368142,171
2599,4318007847,45.52230264172674,9.191965900784908,172
95,219010954,45.51548442212068,9.244456541332509,172
1129,3718005529,45.5097391,9.213787,173
891,1219014719,45.47967660582521,9.19709444652642,173
1955,4118006846,45.492646858612154,9.232429383469594,173
2424,4318007633,45.47246007547228,9.214649905486796,173
444,219011904,45.478539700000006,9.221162199999998,173
2470,4318007689,45.47034676718683,9.225925060759213,173
446,219011906,45.477142,9.2207664,174
1703,4118006405,45.5065217,9.1972997,174
1031,2818001960,45.467792180251855,9.232952896371556,174
3033,5018009649,45.4709159,9.2411181,174
2544,4318007788,45.5218589,9.1733525,174
1914,4118006737,45.496381498950775,9.22623981762422,174
900,1219014728,45.48034663661847,9.211253337434414,174
2812,4718009304,45.48148676382104,9.221167172172953,174
4,119010134,45.4801975,9.2257323,175
2847,5018009345,45.5055097087093,9.220542622714902,175
2666,4318007955,45.517657111951856,9.20587870013958,175
926,1419015140,45.47814366702814,9.224755130072822,175
967,1419015242,45.47890473652401,9.226046143952429,175
1507,3718006153,45.4912511,9.1972345,175
1482,3718006119,45.4970365130822,9.212845129235005,176
253,219011704,45.47420620000001,9.2193171,176
2876,5018009375,45.51509437558725,9.235937805749812,176
3144,5018010127,45.4805613,9.2232113,176
2689,4318007980,45.52188823191043,9.194483745926618,176
1241,3718005723,45.467650742696506,9.211216035444297,176
1664,4118006344,45.496244758587686,9.207957635723233,177
1158,3718005567,45.52288845591589,9.223074719208853,177
756,1219014560,45.4847287371005,9.2020798881357,177
677,1219014476,45.480742323624106,9.190202478876015,177
2771,4318008098,45.514584129171574,9.189214278282632,177
1344,3718005883,45.51885410000001,9.2074599,177
1628,3718006296,45.49598606314513,9.19205081731707,177
2358,4318007554,45.52057401036864,9.226891700044119,178
98,219010958,45.51455986902278,9.24158853091808,178
1543,3718006191,45.49679842506572,9.21118805620051,178
1224,3718005702,45.51369445633364,9.224450818881794,179
2051,4118007018,45.49121955407834,9.205562183764414,180
2587,4318007832,45.50124650941717,9.195542250454876,180
735,1219014538,45.48104406182927,9.186421153625588,180
2687,4318007977,45.52159676871186,9.1920667505658,180
727,1219014528,45.47941512847051,9.19241880537129,180
979,1419015254,45.47700934519288,9.225729801161377,180
1473,3718006101,45.48485893620099,9.200575598401427,181
157,219011600,45.5065858,9.2330922,181
2334,4318007522,45.47201278010499,9.221419016130312,181
2773,4318008100,45.482614283184574,9.191202863074297,181
629,1219014428,45.478107166541264,9.19765050423473,181
831,1219014636,45.474443641814496,9.205161845514112,181
149,219011591,45.506438,9.2259373,181
781,1219014586,45.48579433394781,9.207201047770466,182
2684,4318007974,45.51092379999999,9.1906321,182
2493,4318007720,45.47687312711491,9.229937666692306,182
1558,3718006206,45.49668723329783,9.213160731051062,182
1419,3718006007,45.5181091315944,9.21088670497886,182
3137,5018010119,45.479366130223895,9.223805895770283,182
2515,4318007748,45.519259474678144,9.20681119763515,182
2489,4318007714,45.51353623677189,9.239756944422766,183
745,1219014548,45.48191021068208,9.182986229485552,183
713,1219014514,45.4812697642571,9.185495710525744,183
2542,4318007782,45.52599322178072,9.192695915249491,183
212,219011660,45.48524102867293,9.209085002110212,183
588,1219014384,45.47838245031856,9.226973448464946,183
2606,4318007854,45.50640731128102,9.199888533609622,184
1521,3718006168,45.476201343721435,9.211429280965604,184
26,119010866,45.5137446,9.233987400000002,184
2794,4718009282,45.5002421,9.2210041,184
3074,5018009808,45.5041088513623,9.2497517185991,184
719,1219014520,45.48106471136935,9.182941022989098,185
1554,3718006202,45.49755024366362,9.212652806590539,185
3109,5018009850,45.513688118538454,9.22483935603134,185
879,1219014707,45.48057888619086,9.19925774434455,185
3071,5018009708,45.48025762058485,9.234272459205158,185
379,219011834,45.4747035,9.2105983,186
2907,5018009419,45.51561888278638,9.244910999939066,186
1714,4118006427,45.5069486,9.1966063,186
1919,4118006754,45.48907500603461,9.232804238570225,186
483,519011946,45.4767539,9.2107301,186
1245,3718005728,45.51594033600436,9.215971878086977,186
74,219010930,45.51303835044364,9.237528026056793,186
1851,4118006619,45.49095367982,9.237291261833548,186
2691,4318007982,45.51991602777977,9.205083390533446,186
2105,4118007079,45.4943045,9.1994188,186
1924,4118006767,45.497792026530284,9.22825240129248,187
1265,3718005759,45.514466224231995,9.222567556806098,187
1037,3618004290,45.481147,9.2298945,187
88,219010947,45.4717864138303,9.234427985490356,187
83,219010942,45.506842861256544,9.2496779367915,187
2839,5018009336,45.4980681768215,9.226642355563511,187
913,1219014741,45.48041669454185,9.211516876721133,188
1734,4118006458,45.5129432,9.2013232,188
80,219010937,45.5090836434653,9.243807838873181,188
1078,3718005456,45.51475207702706,9.213158710149171,189
922,1219014750,45.48040707776808,9.211467612889694,189
694,1219014493,45.4679332,9.2065777,189
479,519011941,45.477264891084424,9.21718348851482,189
2148,4118007123,45.500206203617495,9.200425199468896,189
2510,4318007740,45.48430970489339,9.235954533944893,189
1871,4118006644,45.48535260933834,9.238698127735232,190
2720,4318008015,45.511733090022325,9.200789352376999,190
3053,5018009676,45.50963759169497,9.267028608182043,190
86,219010945,45.50240685433421,9.243775373076916,191
1449,3718006051,45.52696360141768,9.211876932452356,191
256,219011707,45.47825134172365,9.217322834391666,191
878,1219014706,45.48048762140557,9.198669711253956,191
1769,4118006507,45.52316209625268,9.207220505886196,192
520,1219014040,45.47581328787099,9.207077668664738,192
1088,3718005474,45.5233325507729,9.214696536125645,192
441,219011901,45.47643770000001,9.2214026,192
1992,4118006943,45.47944050555189,9.226549683675216,192
821,1219014626,45.47428521875758,9.205485681290838,192
2,119010132,45.47802877384558,9.223531596601902,192
112,219011024,45.48940643670165,9.25506369007894,192
652,1219014451,45.479368083510636,9.197528220804543,193
1244,3718005726,45.49524414152567,9.19783935765804,193
2774,4318008103,45.50530395042454,9.197188139853553,193
91,219010950,45.50673275526263,9.249403664004149,193
234,219011682,45.4769888,9.225538,193
2615,4318007864,45.50723680797397,9.191469705558577,193
2448,4318007662,45.482964716372145,9.245275087831146,194
2947,5018009463,45.46932133840548,9.22145019323034,194
315,219011767,45.478186885651,9.219915625074918,195
2496,4318007725,45.48171079995306,9.245038779440392,195
377,219011832,45.4692873,9.2111888,195
2132,4118007107,45.51045012369514,9.208200681955418,195
6,119010136,45.4796881449991,9.225183088025801,195
2995,5018009610,45.5059308204787,9.242889101645462,195
2757,4318008071,45.4862235534103,9.185943441942186,195
3142,5018010125,45.47346533659412,9.224963659267814,195
2648,4318007933,45.51253462630866,9.191190522128863,195
2472,4318007691,45.51550587616718,9.22536761643414,196
2245,4318007416,45.50358481695911,9.19628914222926,196
33,119010879,45.48169003813428,9.246116490238931,196
982,1419015257,45.47705076962473,9.226564901065784,196
2925,5018009439,45.48431398643032,9.220614665569316,196
489,519011952,45.47335491482992,9.217789426439142,196
1436,3718006035,45.476740159726106,9.210058313708712,197
700,1219014500,45.467708308554684,9.206765102594431,197
2722,4318008017,45.506734637626685,9.191308462537336,197
3073,5018009807,45.50284983939392,9.245351976309166,197
92,219010951,45.503802570016404,9.245637487759948,197
104,219011014,45.496653889122285,9.238256616154217,197
2728,4318008023,45.51747917583381,9.197646901120152,198
1833,4118006597,45.49117934689568,9.240301735246478,198
2734,4318008029,45.517533723632994,9.195320362760183,198
1407,3718005989,45.489505231931794,9.214065675333472,198
689,1219014488,45.47198780119454,9.206560969964585,198
1391,3718005967,45.49565174531593,9.194993421092931,198
338,219011791,45.4925795,9.2275467,199
2709,4318008004,45.5047612,9.1969043,199
1346,3718005889,45.495976671847934,9.195108532815652,199
2883,5018009385,45.51311144129375,9.25285609994944,199
1581,3718006240,45.493081032783344,9.216152087466641,199
2458,4318007674,45.48157383702694,9.242618541036677,200
181,219011626,45.50303822235124,9.232385367308098,200
959,1419015233,45.479196367304894,9.225790553372915,200
2614,4318007862,45.5082498,9.1819175,200
2653,4318007940,45.508529,9.1896935,200
1404,3718005986,45.513583096560325,9.21424256239618,200
1330,3718005848,45.49130653340436,9.193962267677081,200
1516,3718006163,45.497285018717186,9.21163986977126,200
832,1219014637,45.47422487602153,9.20543955774383,200
988,1419015264,45.478570212275706,9.224605714764946,201
3037,5018009653,45.488358509725764,9.254419788505743,201
2360,4318007556,45.51868108178064,9.226336327117679,201
325,219011778,45.50255459095868,9.224472037434452,201
46,119010896,45.513896,9.2279011,201
2740,4318008040,45.49199577223109,9.192209549078257,201
137,219011051,45.501916501573156,9.246833079500108,201
2261,4318007438,45.481976,9.225077699999998,201
2891,5018009399,45.4919783,9.2368283,201
2299,4318007483,45.47166215370383,9.221887518254107,201
1257,3718005747,45.5137717243332,9.213931345739752,201
488,519011951,45.47502094626847,9.208047080685674,201
373,219011828,45.488861882227965,9.22867128280336,202
177,219011622,45.49602016866717,9.219542942593762,202
2933,5018009448,45.485703902239855,9.216713203087352,202
2650,4318007936,45.50128039942708,9.195590015344235,202
12,119010142,45.4801903,9.2259397,202
2607,4318007855,45.505962866958285,9.19084873219242,202
1112,3718005510,45.522607,9.2143738,203
1716,4118006431,45.5095136,9.1923475,203
1120,3718005520,45.5172357,9.209584199999998,203
1593,3718006255,45.49469179599975,9.185433058629542,203
1179,3718005605,45.46819499609396,9.215851830133717,203
521,1219014041,45.4752759103195,9.205769975974476,203
509,819013390,45.479921162376826,9.1889153409968,203
1,119010131,45.476340140258685,9.223657262875236,203
1333,3718005855,45.48131618183504,9.19813956690666,203
2968,5018009581,45.49433129559963,9.227846851640948,203
620,1219014419,45.4801665171706,9.210983196751274,203
2595,4318007840,45.5138353,9.2020113,203
1338,3718005871,45.51774683296557,9.212541906674346,204
874,1219014700,45.4857295,9.2164752,204
3075,5018009809,45.51184331548768,9.25595316479587,204
1658,4118006335,45.52648667913022,9.20400483954245,204
691,1219014490,45.47627089592264,9.200688415910577,204
450,219011911,45.47222699427089,9.208341958515007,204
698,1219014497,45.46813794399753,9.206971676134117,204
362,219011816,45.49662207189243,9.233821381101166,205
3126,5018010108,45.47661083470932,9.224043754280387,205
1639,3718006309,45.495508345648524,9.194075132154694,205
1117,3718005517,45.5135146935516,9.219907622837011,205
676,1219014475,45.47350976950287,9.206610945067947,205
1814,4118006566,45.523822082534195,9.205031172499957,205
1804,4118006554,45.4939156669534,9.188296634728204,205
2928,5018009442,45.47179035996098,9.223855854221027,206
2705,4318007998,45.51854898782838,9.192107187625652,206
2782,4318008117,45.51875112450257,9.191446853914618,206
1654,3718006329,45.492615596274604,9.198777073154133,206
932,1419015149,45.47788924729082,9.226931214826324,206
2833,5018009330,45.51416752176056,9.236237146539906,206
2892,5018009400,45.515940325716016,9.244700897030498,206
1880,4118006660,45.486974771054896,9.253046628646644,206
863,1219014682,45.4841881,9.214554,206
1823,4118006581,45.4846985,9.2424436,206
1250,3718005733,45.513947989217094,9.22125741260777,206
989,1419015265,45.47898641028408,9.22657870203193,206
1273,3718005772,45.51098282907161,9.215691070159778,207
809,1219014614,45.48645237035199,9.206773225574123,207
1451,3718006053,45.514520443129356,9.21078451025096,207
1779,4118006520,45.500843045850964,9.201927179646418,207
2641,4318007917,45.518122637442204,9.204316333693557,207
9,119010139,45.4800422,9.2267372,207
1688,4118006377,45.48818733654973,9.203427464478636,208
818,1219014623,45.47408954254444,9.206207543050027,208
1938,4118006802,45.47203625393232,9.243989325700907,208
824,1219014629,45.47465503158022,9.205539478234641,208
374,219011829,45.4747566,9.2110209,209
2719,4318008014,45.5129482,9.1846332,209
687,1219014486,45.47422173884982,9.206586254248123,209
567,1219014357,45.47757541982418,9.20832271904908,209
428,219011888,45.4750141,9.2083637,210
270,219011721,45.47916499973064,9.217273960707416,210
3019,5018009635,45.478034858399724,9.235481994807515,210
306,219011758,45.480851882879655,9.222767792883246,210
3023,5018009639,45.4709057,9.2351136,211
754,1219014558,45.48013847775881,9.18771360524579,211
240,219011690,45.47518970000001,9.221406300000002,211
2090,4118007063,45.49286637718356,9.200259823498527,211
1597,3718006259,45.52513447879303,9.210111773978042,211
1188,3718005617,45.468207588379286,9.210404740760737,211
973,1419015248,45.4771713,9.2266013,212
2865,5018009364,45.518814840648524,9.239107169986823,212
996,1419015272,45.47908662561681,9.226270092528694,212
1285,3718005787,45.487231003523426,9.207732588078102,212
2681,4318007970,45.52226483407665,9.196104742583657,212
2889,5018009394,45.510806660181906,9.247920797830943,212
2786,4318008122,45.48709590548898,9.18410657313416,212
1821,4118006578,45.5170375,9.1926841,213
3108,5018009849,45.51208948255066,9.25913420967845,213
3051,5018009671,45.479324882029935,9.226767882020113,213
2118,4118007093,45.4916593,9.2034432,213
1017,1419015454,45.48226840471017,9.212914959276759,213
1002,1419015278,45.47827318539894,9.226816477201057,213
974,1419015249,45.47742597104685,9.226761930249037,213
1981,4118006928,45.47791469680459,9.253753153214687,213
0,119010130,45.48071229999999,9.2252365,213
459,219011921,45.4748347,9.2215611,213
365,219011820,45.4918698,9.2298722,213
740,1219014543,45.48023090821509,9.19280169269143,213
11,119010141,45.47334970007097,9.224067013136846,213
738,1219014541,45.48207761858222,9.182656771996447,213
1752,4118006481,45.48521590695843,9.235882735507063,214
741,1219014544,45.481695703927905,9.183812367681641,214
490,519011953,45.474029242973614,9.216910844561198,214
3020,5018009636,45.489826501691944,9.255152699935481,214
2597,4318007844,45.50887233167604,9.190528100356461,214
2669,4318007958,45.506058236359976,9.194764382790368,214
366,219011821,45.502455354272,9.228009999882827,214
1332,3718005854,45.4817732,9.1964425,214
1261,3718005753,45.51395451683897,9.221098627584636,215
2884,5018009386,45.517738919687176,9.245381133957608,215
568,1219014359,45.4752587150704,9.204589300118641,215
2383,4318007588,45.47760259467483,9.234390602252232,216
96,219010955,45.503772952328866,9.24572153377676,216
814,1219014619,45.48623709982797,9.206983803449019,216
2593,4318007838,45.499124925822194,9.190852950841418,216
1219,3718005695,45.467590680342866,9.216750073372395,216
2580,4318007825,45.50209057063788,9.192639865641466,216
2718,4318008013,45.50013869523025,9.190471705943992,216
2349,4318007542,45.47086667144784,9.2230922330358,216
2381,4318007586,45.51433689733169,9.227919964637863,216
2555,4318007800,45.518849508577134,9.206552180045604,216
145,219011586,45.50005697616636,9.239543427490617,216
2659,4318007947,45.518702191256615,9.200010508801142,216
3072,5018009709,45.48105604507823,9.235388681650079,217
2185,4118007168,45.51734903535672,9.188675645132662,217
2086,4118007058,45.4894588,9.1856855,217
864,1219014683,45.4839999,9.2144472,217
2302,4318007487,45.4866919,9.2190548,217
1649,3718006323,45.52585592557866,9.208276269858176,218
3125,5018010107,45.47333026437104,9.224399607054695,218
561,1219014348,45.475156058909185,9.204779710450794,218
2775,4318008104,45.52201842149528,9.180587294355634,218
976,1419015251,45.47901825704892,9.226586724428671,218
2682,4318007972,45.51281590315467,9.191331994561892,218
688,1219014487,45.47072939561728,9.206887947469909,218
2645,4318007927,45.48364916064304,9.187614595759896,218
357,219011810,45.50331157676009,9.223981248728023,219
2993,5018009608,45.496254,9.2302884,219
2799,4718009288,45.48468657143771,9.215918790425347,219
530,1219014057,45.475469200000006,9.205787,219
2603,4318007851,45.4980977114766,9.191213490142216,219
2226,4318007388,45.48567326164702,9.229997909036,220
36,119010882,45.5041769,9.2277183,220
1925,4118006776,45.48456278305213,9.19579017555884,220
855,1219014668,45.4850508,9.2155555,220
268,219011719,45.4739004,9.2079449,220
1457,3718006060,45.51657789916669,9.206044811133324,220
840,1219014646,45.484608392326834,9.20509274206904,221
1426,3718006020,45.515554640339076,9.210836948444694,221
729,1219014530,45.48160554271792,9.184158467662996,221
957,1419015231,45.47699556441278,9.2265778552196,221
997,1419015273,45.47867883239178,9.226603352497476,221
1763,4118006499,45.485867386868286,9.193222040938279,221
367,219011822,45.5039544,9.22412,222
1140,3718005541,45.51789263259169,9.222686360194645,222
1343,3718005882,45.51916433746597,9.207461752527706,222
1646,3718006317,45.5213988627837,9.203585209101902,222
3018,5018009634,45.4714018,9.2377509,222
2613,4318007861,45.50571061805911,9.195763867843311,222
1216,3718005692,45.51325828436842,9.216849711938721,222
2325,4318007512,45.46775609088644,9.222822021826003,222
2499,4318007728,45.516921722003524,9.230146109807038,223
910,1219014738,45.48299325799233,9.201660679782664,223
915,1219014743,45.482158713714284,9.200890418518268,223
3090,5018009827,45.51192963880776,9.260263382732774,223
2045,4118007010,45.5153553,9.2059835,223
571,1219014366,45.47764312459071,9.208077047054758,223
221,219011669,45.480291418000405,9.207072938852548,224
1027,2718001319,45.467807976430464,9.217504505627858,224
440,219011900,45.4745188,9.2087283,224
2207,4318007365,45.502102701033785,9.24706633809285,224
1247,3718005730,45.50970713042437,9.213878266504707,224
1994,4118006951,45.472556007043295,9.242273066120902,224
2322,4318007509,45.46844038807997,9.227199364448893,224
1517,3718006164,45.5083306,9.2085883,225
532,1219014059,45.47620420819534,9.206952439617226,225
77,219010933,45.51292734807817,9.242435063019002,225
1423,3718006017,45.48532929757763,9.200866808967591,225
882,1219014710,45.484306633339216,9.215077962814119,225
115,219011027,45.49670439355546,9.238326995460511,226
2221,4318007382,45.47085883758412,9.226029806566203,226
1846,4118006613,45.47101710810502,9.244435116783961,226
1127,3718005527,45.523576125766155,9.213441058440822,226
467,219011929,45.47589546829745,9.208170298408616,226
2241,4318007411,45.51663920780755,9.179864982405434,226
2825,4718009320,45.50266299793714,9.227967663823732,226
199,219011645,45.48530607009839,9.209088033657963,226
1157,3718005566,45.48494088141917,9.209775100399613,227
2197,4118007194,45.51713431542093,9.188710943807678,227
3123,5018010105,45.4702855,9.2267334,227
1076,3718005452,45.47078112629614,9.218540150427204,227
3079,5018009815,45.5030793943449,9.250603817310775,227
1908,4118006723,45.4826195,9.1932458,227
1430,3718006025,45.4892271,9.1923459,227
223,219011671,45.485467468135134,9.213284556715847,228
2002,4118006960,45.49121673987929,9.240807705941847,228
429,219011889,45.47708351431443,9.216832681104163,228
1967,4118006887,45.497676081600474,9.227519624216256,228
2350,4318007543,45.47349047983906,9.227414899461564,228
1733,4118006457,45.502332991425284,9.247391247662787,228
3024,5018009640,45.4710804,9.2401533,228
2146,4118007121,45.4988293334985,9.198367935238252,228
2535,4318007774,45.521972716515954,9.201433462679688,229
2345,4318007537,45.47684815112477,9.228919247445447,229
986,1419015262,45.478598906353476,9.226482577473805,229
1463,3718006073,45.48961699037221,9.197356606460858,229
2704,4318007997,45.521952,9.194686099999998,230
505,519012231,45.47759944173289,9.195393525716556,230
1522,3718006169,45.501483783518104,9.212753960124699,230
2741,4318008041,45.48288126995275,9.190815822436434,230
538,1219014069,45.4754926,9.2059045,230
623,1219014422,45.47501829750083,9.202803500286793,230
2442,4318007655,45.48081500966039,9.242896948568275,230
2169,4118007147,45.5003374,9.2017759,230
2318,4318007504,45.49578510902243,9.219738140307868,231
105,219011015,45.49129790203822,9.241992501456933,231
858,1219014672,45.4863345,9.2162438,231
2217,4318007377,45.4769667697792,9.228015118309829,231
2031,4118006995,45.490716600000006,9.2026129,231
2625,4318007884,45.50173532117278,9.194484060021637,231
680,1219014479,45.46820749530053,9.207180877277095,232
2137,4118007112,45.504073010421344,9.211812653389188,232
1777,4118006518,45.501491608837355,9.200515979100146,232
1474,3718006111,45.500697109680644,9.217800648128216,232
1560,3718006210,45.49595677085207,9.21803691745322,232
2717,4318008012,45.489001052924976,9.187497128611426,232
602,1219014398,45.4859321664846,9.206630626181665,232
50,119010900,45.514371,9.2313777,232
2064,4118007033,45.496872218685894,9.207956846654497,233
945,1419015164,45.47840277136599,9.224349223005676,233
2111,4118007085,45.4921537,9.1882663,233
2679,4318007968,45.51910446550638,9.197029443446354,233
2649,4318007935,45.5092875,9.1833271,233
1563,3718006213,45.480587456627205,9.206253245982907,233
1364,3718005930,45.491319196393356,9.197766464278061,233
916,1219014744,45.480023811596524,9.192190655985996,233
581,1219014377,45.485495382266684,9.20618768550571,233
1766,4118006502,45.521628348010644,9.206355939498508,234
72,119010928,45.51063586241352,9.251758371463213,234
2066,4118007036,45.497881825906646,9.20736398401698,234
193,219011639,45.486372759938966,9.21328517637221,234
672,1219014471,45.48074595022073,9.18897240369995,234
2723,4318008018,45.51861656200786,9.207160168079897,234
82,219010941,45.510446247321156,9.243269085546217,235
2156,4118007131,45.51185649402393,9.208971294733828,235
1215,3718005691,45.5142693,9.208115199999998,235
1252,3718005740,45.5143163,9.208359,235
1784,4118006525,45.49998940217351,9.199101873746258,235
2627,4318007886,45.51906059447249,9.204919224234914,235
752,1219014556,45.48025296375397,9.192807952242674,235
2671,4318007960,45.501503518431136,9.193001031846393,235
1542,3718006190,45.51937912990071,9.213344313021253,235
464,219011926,45.476127862610596,9.208309599321638,236
2159,4118007135,45.51259876715138,9.203725063356499,236
2504,4318007733,45.470256048054715,9.227399825755585,236
2985,5018009599,45.49633038698406,9.235481125165734,236
583,1219014379,45.4782223633751,9.22572137200052,237
2364,4318007560,45.47690190144538,9.231034092806569,237
2069,4118007039,45.49470807283802,9.205415534931378,237
1918,4118006752,45.491282047677686,9.22117456733406,237
2660,4318007948,45.51671508103126,9.200492331413217,237
857,1219014671,45.4844665,9.214764,237
2300,4318007484,45.47855021185653,9.202657138909784,237
2526,4318007763,45.51897455845946,9.196232354539688,238
93,219010952,45.50887090069283,9.243256067632046,238
55,119010907,45.5074961,9.232236,238
2702,4318007995,45.5012667,9.1918607,238
322,219011774,45.481177284552345,9.216446776018074,238
682,1219014481,45.476657499406,9.19989252691937,238
165,219011610,45.50085729421732,9.241153055100426,238
1811,4118006562,45.49323007425014,9.190209954891204,239
2180,4118007162,45.48548541735354,9.190594548532543,239
2553,4318007798,45.47922201413265,9.206806557488335,239
1603,3718006265,45.52646678475422,9.209109922653509,239
632,1219014431,45.4773961,9.1993122,239
2697,4318007989,45.48112745259876,9.205264443161354,239
1600,3718006262,45.51168607772606,9.201643873310216,239
2846,5018009344,45.5086251,9.2237031,239
695,1219014494,45.480517835555794,9.19122675077358,239
220,219011668,45.478080567803715,9.19989482999506,239
2586,4318007831,45.5018717,9.1914481,239
2303,4318007488,45.46925223703233,9.210123360355057,239
1208,3718005684,45.5215019,9.2119939,239
209,219011656,45.4775769,9.2050475,239
3036,5018009652,45.48999521345934,9.255029557280524,240
453,219011914,45.476028376573574,9.218670467956144,240
1934,4118006795,45.47093830575693,9.242830846558263,240
2010,4118006972,45.47804028614779,9.225638343319249,240
2814,4718009306,45.50007919125739,9.235053917070443,240
1970,4118006898,45.4806451,9.2247575,240
478,519011940,45.47624038093668,9.217085062565618,240
2802,4718009292,45.50295859211665,9.225899994898896,241
2397,4318007603,45.49036485966886,9.217731045368964,241
1745,4118006474,45.4835869,9.238701,241
1508,3718006154,45.49790958644332,9.195479510177506,241
2430,4318007640,45.47197062466257,9.217416890149368,241
1312,3718005817,45.515690343003854,9.213442335396737,241
1066,3618004958,45.49793386371694,9.22536935517121,241
2561,4318007806,45.47366016876862,9.213026912844725,241
641,1219014440,45.47761987687048,9.195928851620351,241
400,219011856,45.48888710000001,9.2262377,241
1052,3618004321,45.48036625871203,9.229806641994513,242
1439,3718006038,45.49070299680253,9.200595798722818,242
1619,3718006286,45.52711762737298,9.209526877855298,242
1288,3718005790,45.48674157779693,9.207317888353598,242
1185,3718005614,45.477966736413315,9.211617180714825,242
1415,3718006000,45.48431323463942,9.194628691107823,242
2767,4318008089,45.52520034514953,9.192206505653873,242
1857,4118006625,45.48882661879229,9.234243743919023,242
2727,4318008022,45.51865484320154,9.204566465162882,242
2268,4318007446,45.49994966419941,9.190663514344463,242
185,219011631,45.48128631626405,9.208838016987896,243
411,219011868,45.4742394,9.2108242,243
99,219011007,45.47182384735426,9.235104892654363,243
630,1219014429,45.4778593191691,9.196137071304747,243
1515,3718006162,45.51058176539097,9.214570388799302,243
2753,4318008065,45.492141813292676,9.187739419951072,243
3044,5018009660,45.4709386,9.24147,243
1071,3718005443,45.49959400776162,9.213783018331924,243
929,1419015146,45.477788819325816,9.224138219586509,243
2038,4118007002,45.494626799534295,9.18489773400222,244
1493,3718006133,45.49280155719965,9.20944538713593,244
2359,4318007555,45.47332397579825,9.221700273400756,244
2030,4118006994,45.49482874399738,9.200639106304607,244
2072,4118007042,45.49552990616474,9.203730044373627,244
1544,3718006192,45.50889997635482,9.208835229666647,244
231,219011679,45.47777507932533,9.21509861709319,244
895,1219014723,45.48025398288537,9.211095851541018,244
2576,4318007821,45.473178214127294,9.214336920379537,244
1742,4118006470,45.4855638,9.2464201,244
1438,3718006037,45.5178627070939,9.210232073986164,245
2751,4318008063,45.49361560202389,9.182584977880538,245
1758,4118006493,45.5095136,9.1923475,245
1045,3618004310,45.483797340164394,9.233175016819699,245
2081,4118007052,45.48953128027635,9.181900914876906,245
2286,4318007469,45.475211633520935,9.209547526437175,245
3047,5018009665,45.482992989106386,9.237576773064118,245
427,219011887,45.47076678169282,9.210112985077217,245
1835,4118006600,45.47818913526672,9.225632723385617,246
578,1219014374,45.48586947045371,9.20725690441202,246
190,219011636,45.480359089797275,9.20680896497845,246
1927,4118006784,45.49132071698661,9.244405367076979,246
420,219011878,45.4740096,9.2090752,247
2473,4318007694,45.484069397025365,9.242531868571518,247
1479,3718006116,45.516572657378255,9.21657085785273,247
1096,3718005490,45.51363977985777,9.224405667500603,247
1097,3718005491,45.496550582719344,9.199773798760589,247
230,219011678,45.480843510239296,9.209346270520427,247
23,119010282,45.473563372686385,9.234392811922929,247
2018,4118006980,45.487973896485215,9.189348497715061,247
1144,3718005546,45.52096337378556,9.223622116230217,247
1504,3718006145,45.526374190705226,9.212334378757646,247
801,1219014606,45.484217690037575,9.202608520386775,247
1458,3718006062,45.4808340329617,9.197331921395973,247
775,1219014580,45.48426768073685,9.202608463113393,247
1922,4118006765,45.499970001528254,9.226709295952562,248
1181,3718005607,45.477756764152616,9.215209477603368,248
2714,4318008009,45.489849248504754,9.18777794044081,248
1530,3718006177,45.4952161854132,9.198085928140586,248
574,1219014370,45.4786045177228,9.226310317408887,248
2485,4318007708,45.52287186124453,9.227595549469925,248
2788,4318008125,45.5218762598677,9.192421115594245,249
1864,4118006632,45.478034853950795,9.254202873839633,249
1751,4118006480,45.5144679460157,9.194856861992207,249
1225,3718005703,45.513217840301024,9.21026607820329,249
2298,4318007482,45.48825395183611,9.221686787268936,249
2279,4318007459,45.47200257683547,9.221331458258874,249
2570,4318007815,45.479328888659325,9.200911870244452,249
324,219011777,45.505065469324144,9.22280783644976,249
1310,3718005815,45.488215667797874,9.214588166668364,249
3076,5018009810,45.50388187581114,9.249276210972196,249
361,219011815,45.49231210000001,9.229357,249
701,1219014501,45.467601012150794,9.206509286153503,250
15,119010254,45.51807141972282,9.226162041514726,250
482,519011944,45.47496958802118,9.21683276764361,250
2192,4118007181,45.49329025757435,9.196645440290922,250
2982,5018009596,45.4962769,9.2301353,250
2750,4318008061,45.492152752525634,9.192958705889168,251
1514,3718006161,45.4831195122219,9.198051267234405,251
537,1219014068,45.47687034138893,9.207601561169326,251
2023,4118006987,45.49266038711347,9.206482630495882,251
1491,3718006131,45.51730554187336,9.212297486899386,251
1340,3718005877,45.525721830260004,9.211160811100854,251
507,819013359,45.47956025225616,9.1921454899433,251
415,219011873,45.4726545,9.213149,251
1194,3718005629,45.47739070554019,9.211826478407149,251
385,219011840,45.4843869,9.2224838,251
378,219011833,45.47482634610676,9.210407894304579,251
1785,4118006526,45.49392769339335,9.190959834382967,251
792,1219014597,45.486550748979475,9.202497842330445,251
2568,4318007813,45.47358575479018,9.2131952603379,251
1267,3718005763,45.51139117529802,9.211249175550506,251
1717,4118006432,45.5199211,9.2063374,252
1897,4118006698,45.51457223323163,9.228817099024925,252
1609,3718006273,45.51336976790589,9.200858226785613,252
2202,4118007203,45.48352180736236,9.186757257396721,252
2370,4318007568,45.48176653307557,9.24505094509732,252
2247,4318007421,45.50094161160211,9.194113191230713,252
2962,5018009574,45.49044253149686,9.2235224289077,252
1744,4118006472,45.5093372,9.195834199999998,253
1512,3718006159,45.503611696746646,9.20936063743045,253
2996,5018009611,45.49653000721103,9.236245288337614,253
2849,5018009347,45.50844620000001,9.2269196,253
2511,4318007741,45.48152734030296,9.24630978714208,253
87,219010946,45.51112986810714,9.253818887630928,253
308,219011760,45.479212636378286,9.221150094030122,253
2633,4318007897,45.508957,9.1896146,253
421,219011881,45.47811979851264,9.217399866611117,253
1621,3718006288,45.5260779,9.2107028,253
2755,4318008068,45.4902087,9.188707,253
2655,4318007943,45.50192959025799,9.196997822396044,253
2975,5018009588,45.49660832900588,9.23507982568094,254
2675,4318007964,45.5124039,9.1873097,254
202,219011648,45.4851167,9.209353300000002,254
873,1219014699,45.48568662887676,9.217258619431163,254
1755,4118006487,45.49591391484973,9.190135543554334,254
2792,4718009280,45.48272768605648,9.219021246749547,254
1911,4118006727,45.5026042544754,9.200488351003287,254
395,219011851,45.4747709,9.2112115,255
970,1419015245,45.47732067830678,9.226049855843826,255
2532,4318007770,45.516987580801676,9.20093432465262,255
2240,4318007409,45.479758625599814,9.206543471874511,255
2283,4318007465,45.4851589,9.2248388,255
355,219011808,45.500894823829114,9.221324537434382,255
2618,4318007871,45.51749113482381,9.195276406115113,255
811,1219014616,45.471776572255145,9.205661900539214,255
2113,4118007088,45.49284021202812,9.19996281825479,255
1197,3718005648,45.48087339446525,9.216957742178463,256
828,1219014633,45.485333585912684,9.20587413850069,256
2098,4118007071,45.49503610703511,9.183102399806105,256
1233,3718005715,45.48096200272232,9.203607395480956,256
2764,4318008081,45.5030113,9.1890495,256
1591,3718006252,45.48658784465538,9.211286618328018,256
1796,4118006541,45.49903547206545,9.200559128703276,256
2567,4318007812,45.48259576830971,9.202301850355523,256
1392,3718005968,45.49616194652616,9.195155648544187,256
1380,3718005951,45.50199724012256,9.19722060588174,256
2745,4318008052,45.494080988774364,9.182703797962974,257
433,219011893,45.47326521901937,9.218119507436539,257
1817,4118006572,45.49313116066855,9.184744526304712,257
2632,4318007896,45.50858565456464,9.190739383827351,257
130,219011044,45.46849724737773,9.232505730698904,257
876,1219014704,45.4816240094241,9.200339548375496,257
1060,3618004938,45.48003506879506,9.242709497928788,257
1243,3718005725,45.495341004269704,9.197538575676845,258
2039,4118007003,45.49863447861446,9.207239907701704,258
714,1219014515,45.48197800000001,9.1826868,259
1738,4118006465,45.5106701,9.1933345,259
2502,4318007731,45.47921380374628,9.236717560602756,259
1093,3718005483,45.51319096733839,9.21385811472146,259
2453,4318007667,45.46856789803239,9.233141697988684,259
2142,4118007117,45.485752045538995,9.192288118143097,259
491,519011954,45.47605143124389,9.219173325131237,259
2193,4118007182,45.48369602901595,9.187694765265064,259
2330,4318007518,45.4694508056237,9.236897296071787,259
506,519012485,45.46761710000001,9.2073174,260
522,1219014042,45.47732392605589,9.207830038763634,260
127,219011041,45.4717799,9.2317046,260
1789,4118006531,45.49219545553911,9.199909290985373,260
2646,4318007929,45.48766662793796,9.183117852400187,260
2092,4118007065,45.4914135,9.1862328,260
732,1219014534,45.47447232668258,9.20410453482259,260
2635,4318007906,45.51616903660504,9.188856485732911,261
1258,3718005750,45.48050505743072,9.214210308320958,261
547,1219014308,45.48461740705506,9.215364760961734,261
1413,3718005995,45.49951293266427,9.196441117179802,261
1406,3718005988,45.48252403076459,9.211843305377442,261
1726,4118006448,45.46998099923875,9.21600690772334,262
1596,3718006258,45.49625298705504,9.192498267189878,262
2871,5018009370,45.5074631,9.2247251,263
125,219011039,45.49434916649145,9.2374274632798,263
545,1219014078,45.474863166995114,9.205377592286824,263
1403,3718005985,45.481085879779606,9.19115703936984,263
1526,3718006173,45.5013538,9.2137111,263
2503,4318007732,45.51779027803682,9.226404629189576,263
849,1219014659,45.48594290053575,9.216012705557203,264
2356,4318007550,45.49968843221795,9.225004095990695,264
113,219011025,45.47847218774467,9.230077892019947,264
2398,4318007604,45.490948,9.2182157,264
2253,4318007427,45.49698402456852,9.19343978322513,264
51,119010901,45.5120113,9.2246242,264
118,219011031,45.491313438911,9.242218940227758,265
1644,3718006315,45.49498245505014,9.191516003025301,265
2759,4318008074,45.48558889336825,9.182770989507842,265
640,1219014439,45.4816124,9.1998949,266
370,219011825,45.4709534,9.2110893,266
2007,4118006967,45.4721367,9.2433276,266
919,1219014747,45.48459615261113,9.21536602060496,267
960,1419015235,45.47865604244682,9.22653998514886,267
981,1419015256,45.478794384589996,9.225736764165275,267
908,1219014736,45.48293022433828,9.213355625055783,267
1676,4118006361,45.49825548078661,9.199593834277264,267
2536,4318007776,45.51808591380858,9.20436049471732,267
2563,4318007808,45.483248267889465,9.242492558728033,267
1410,3718005992,45.47681426939196,9.209869609279508,267
416,219011874,45.47407254211261,9.209210267829008,267
2494,4318007721,45.519295081828744,9.230342698386494,267
327,219011780,45.4920732,9.2283948,267
2583,4318007828,45.496462367628936,9.193094071448288,268
159,219011602,45.49780899252468,9.22532338033875,268
1132,3718005532,45.52236407348846,9.212401311951568,268
299,219011750,45.481107916394514,9.216464095587751,269
2136,4118007111,45.49499539999999,9.1969976,269
2998,5018009613,45.49823462221365,9.23243026372927,269
670,1219014469,45.46809835384908,9.206825179561292,269
2789,4318008126,45.4905632,9.1892191,269
1290,3718005792,45.491734211167625,9.211807568836775,269
1039,3618004293,45.480756372362,9.224731310463195,269
1139,3718005540,45.516232173566806,9.219395125842539,269
1956,4118006848,45.49022609619904,9.243012320474575,270
1739,4118006467,45.5095136,9.1923475,270
2227,4318007389,45.51877958022086,9.22669504212206,270
1774,4118006514,45.5243969,9.1918955,270
769,1219014574,45.484862735116565,9.20321028566741,270
1207,3718005683,45.49624910000001,9.1980851,270
1567,3718006218,45.48760186037463,9.2121759513077,270
162,219011605,45.50162921024887,9.23730717911826,270
1790,4118006532,45.49507004776656,9.191639151097887,270
1342,3718005881,45.4877433,9.1935311,270
512,1219014031,45.47632999971855,9.207096740972474,270
2810,4718009302,45.49884180161757,9.23338041868976,270
1534,3718006181,45.4918282,9.194487400000002,270
1232,3718005713,45.46755902261727,9.210518271359774,271
993,1419015269,45.47700814600728,9.226617287851466,271
457,219011918,45.4767336117537,9.217532330688528,271
1550,3718006198,45.52288055328057,9.209586239832788,271
1469,3718006087,45.48412223916607,9.196542233138187,271
2112,4118007086,45.48663173243885,9.186809928275352,271
1276,3718005776,45.48819238160696,9.212692896416456,272
1275,3718005774,45.5115073,9.2153606,272
667,1219014466,45.47065759622343,9.20691836087849,272
1287,3718005789,45.48874340432466,9.2152992504532,272
275,219011726,45.47971293846186,9.211198038081532,272
1531,3718006178,45.49500230790736,9.211660613311892,272
709,1219014510,45.48085035064422,9.188244962001818,272
1381,3718005952,45.482790364371404,9.212073451364633,272
57,119010909,45.5116494,9.2349706,272
771,1219014576,45.48538747115203,9.202719009160203,272
2836,5018009333,45.5083885,9.2236525,272
1928,4118006785,45.479194228360605,9.225654532388038,273
1334,3718005858,45.4815005,9.1974284,273
276,219011727,45.47852208881442,9.220618989943661,273
2238,4318007405,45.47430907030565,9.228580348854052,273
848,1219014656,45.48448170271875,9.214864996958909,274
540,1219014072,45.4757448,9.2062502,274
2073,4118007043,45.48895199910632,9.190316995451669,274
2205,4318007363,45.47426565835186,9.232426486040707,274
76,219010932,45.50995771978092,9.247973286485603,274
1176,3718005597,45.48142762220017,9.21438487347325,274
1263,3718005755,45.51889382616257,9.225150440470543,274
2909,5018009421,45.48133656203482,9.249114411358844,275
1873,4118006647,45.486916580547714,9.246981367866283,275
2175,4118007155,45.48758775891688,9.19861911656335,275
289,219011740,45.47461840617018,9.214716038723283,275
1123,3718005523,45.5148799790009,9.221886080766012,275
2524,4318007761,45.506600174320155,9.199974347201078,275
2468,4318007687,45.49439574978,9.2218517062704,275
2981,5018009595,45.49063576390889,9.22505941346344,276
2539,4318007779,45.51595271123192,9.202664234881466,276
1500,3718006141,45.4968583244071,9.21335054314261,276
252,219011703,45.479192426594274,9.219378584664812,276
1748,4118006477,45.514311514998816,9.1974192338796,276
3011,5018009627,45.4736322,9.236729,276
2758,4318008072,45.48282111199506,9.186029019044668,276
604,1219014401,45.478269608294745,9.227048628034142,276
216,219011664,45.479971326146575,9.206749093333658,276
527,1219014052,45.4764333,9.2070039,276
1875,4118006650,45.477270761083886,9.24573648881369,277
1878,4118006656,45.490538429348256,9.242999048365164,277
225,219011673,45.47786039604253,9.204459742849394,277
1130,3718005530,45.5183161,9.2101351,277
2008,4118006969,45.473478960543005,9.244964868603915,277
2823,4718009318,45.484270630113954,9.21589527067306,277
1319,3718005825,45.49082620000001,9.1938585,277
514,1219014033,45.47505566314899,9.205531360546502,277
2351,4318007545,45.49061892075567,9.221186090153763,277
3099,5018009836,45.51206298650568,9.259902733663468,277
3004,5018009619,45.50291085238607,9.241099713491847,277
746,1219014549,45.48035302761733,9.186787964416453,277
2190,4118007179,45.50039028380475,9.197577331423306,277
1995,4118006952,45.47773865667203,9.225635011999655,278
2123,4118007098,45.49978062107749,9.206009732953817,278
2001,4118006959,45.4731577,9.2435531,278
2672,4318007961,45.5032441782968,9.19698776851601,278
1148,3718005552,45.5200329,9.218137,278
1086,3718005470,45.482731236580655,9.216807901571997,278
1013,1419015447,45.48134715682309,9.211849275094213,278
2562,4318007807,45.478542985744895,9.200231384030758,278
743,1219014546,45.48248120942109,9.187326367690957,278
2501,4318007730,45.52034535449528,9.22686308939842,279
2811,4718009303,45.48452991501225,9.217200233147764,279
575,1219014371,45.486295333364716,9.206853918650497,279
2700,4318007993,45.518618806601324,9.200008005291693,279
557,1219014340,45.47837868286361,9.20888846585524,279
1781,4118006522,45.49599644922121,9.20525233153137,279
2170,4118007148,45.484755,9.195653,279
2851,5018009349,45.515929287044564,9.237999022711733,280
153,219011595,45.49745934595707,9.22538615728672,280
1256,3718005746,45.510196490717384,9.211096272468128,280
1812,4118006563,45.4847728,9.2460332,280
802,1219014607,45.47472697101315,9.205730569282423,280
2333,4318007521,45.47085517780753,9.22476150241323,280
2120,4118007095,45.51210349452872,9.20547228838052,280
1360,3718005924,45.51552570000001,9.2114108,280
860,1219014674,45.48404160000001,9.2143648,281
2173,4118007151,45.48687660449605,9.193744023366321,281
2184,4118007166,45.496552508682974,9.200981198606428,281
1354,3718005912,45.52945625232972,9.213497158761244,281
2284,4318007466,45.47332365517386,9.221420053380598,282
2463,4318007681,45.4813116553243,9.241630489462636,282
1886,4118006676,45.47252797366053,9.24672998195456,282
3086,5018009822,45.48464072769961,9.236189040430187,282
178,219011623,45.50068555737387,9.235870556049576,282
1842,4118006608,45.49001887562975,9.23698347484128,282
3062,5018009692,45.51303601817737,9.224663948003354,282
29,119010872,45.5071366,9.2369476,282
1686,4118006375,45.5253278,9.2084131,283
2873,5018009372,45.5051945,9.2245086,283
198,219011644,45.476934020941066,9.206156379659433,283
2054,4118007021,45.49224808092092,9.19982975173184,283
2216,4318007376,45.473469411705466,9.225945594797624,283
2035,4118006999,45.495553787050845,9.183306422008739,283
2756,4318008069,45.48750825285144,9.187145694545164,284
1399,3718005976,45.48928337732311,9.205963949048167,284
218,219011666,45.47835479792089,9.207022913311675,284
1964,4118006873,45.48688876550069,9.252906985239179,284
229,219011677,45.47879695397467,9.20594188279358,284
2088,4118007061,45.48965990846695,9.190890486515627,284
1206,3718005682,45.49764057147552,9.199611943278567,284
35,119010881,45.5074183,9.2344214,285
2545,4318007789,45.507839946613466,9.195252654524097,285
2529,4318007767,45.52468327898764,9.191770633414194,285
1300,3718005802,45.492673714728184,9.216414988354018,285
1328,3718005841,45.514218609738165,9.210403096020514,285
1089,3718005475,45.5124582514576,9.224277440878039,285
2838,5018009335,45.49866285504551,9.220336778283128,286
1576,3718006234,45.48953581018512,9.20965941203167,286
2165,4118007143,45.49946223883392,9.199400570454145,286
354,219011807,45.504629922857845,9.222463474173992,286
2297,4318007481,45.473634343850186,9.213085736775838,286
197,219011643,45.48561992767844,9.210825031701006,286
3097,5018009834,45.50253853216786,9.247483182001359,286
999,1419015275,45.47759877124343,9.225812036023628,287
2715,4318008010,45.51499873731078,9.189077724790424,287
1805,4118006555,45.491563990480955,9.18986615350741,287
1996,4118006953,45.48234453265668,9.242491158657456,287
1975,4118006912,45.49476833306293,9.219148089969394,287
182,219011628,45.50609420000001,9.2246534,287
631,1219014430,45.480534549712715,9.18685876596328,287
1778,4118006519,45.52368439929758,9.207511067329275,287
2638,4318007912,45.48226559189038,9.186100882558321,287
1009,1419015440,45.480556925570745,9.211212923137397,287
2631,4318007892,45.517085892306525,9.2037951327261,287
1569,3718006220,45.4878277930136,9.212489679953592,288
2459,4318007675,45.47287740189288,9.215440824190637,288
1266,3718005761,45.5097984,9.2119897,288
437,219011897,45.47565624636457,9.217487509472221,288
1147,3718005549,45.47843604875261,9.20419958058028,288
1884,4118006669,45.48583729999999,9.239284199999998,288
2634,4318007905,45.5231244321941,9.19245493563983,288
883,1219014711,45.483277704220676,9.21395466375202,289
2514,4318007746,45.51653296464834,9.200737756018269,289
2260,4318007437,45.5014385062753,9.192945299330177,289
1168,3718005580,45.49324854807948,9.213345574870461,289
2151,4118007126,45.509853012258866,9.211834851075764,290
238,219011687,45.4745359,9.2195759,290
1464,3718006077,45.4827824,9.19328,290
2619,4318007874,45.50677792694536,9.198051465341335,290
531,1219014058,45.4770774,9.207607,290
2513,4318007745,45.5175216932069,9.206526492077613,290
1209,3718005685,45.513538691392974,9.212461673759435,290
1420,3718006011,45.52226276062724,9.209927149261262,290
921,1219014749,45.48459218299836,9.215293402228896,290
1079,3718005458,45.51581252890847,9.213762280849096,290
1792,4118006534,45.494718396492004,9.191556888563241,290
2439,4318007650,45.48410237131527,9.243927030789564,291
1892,4118006686,45.48510777498285,9.238321165783187,291
1845,4118006612,45.49058101590879,9.229913341125323,291
2840,5018009337,45.51669681757409,9.241404842495967,291
1442,3718006042,45.48861887865197,9.194705992229387,291
536,1219014066,45.4760026,9.206676,291
1754,4118006486,45.4808473,9.2406902,291
1891,4118006684,45.48573783043157,9.238653991331944,291
1433,3718006030,45.48264561680341,9.210034940598804,292
1853,4118006621,45.49113096902712,9.23216614365117,292
62,119010917,45.5035470361495,9.245397599750053,292
339,219011792,45.505751302381036,9.222931137625553,292
2292,4318007475,45.470708648437736,9.21124859484496,292
519,1219014038,45.4762868,9.2068225,292
881,1219014709,45.4806279,9.199387800000002,293
2752,4318008064,45.48399139949502,9.182724437144998,293
1114,3718005513,45.4964509366369,9.199222473665033,293
639,1219014438,45.48055930651294,9.211274984303143,293
1115,3718005514,45.5136552,9.2076808,293
2262,4318007439,45.48787097641629,9.18724922347019,293
526,1219014048,45.47585363504449,9.207157963408463,294
1539,3718006187,45.49194283431986,9.208536858203502,294
2233,4318007395,45.46803757695379,9.23255913455705,294
2859,5018009358,45.5067763,9.2230641,294
418,219011876,45.4766059192543,9.217496153165367,294
1315,3718005821,45.4863422,9.2107249,294
152,219011594,45.500654153747405,9.241516459481543,294
1735,4118006459,45.5095136,9.1923475,295
1059,3618004936,45.49751059655021,9.225504736209928,295
2893,5018009401,45.49143488378886,9.237006568509512,296
1087,3718005473,45.48035783292652,9.213525048748693,296
807,1219014612,45.486835291682176,9.201920769379283,296
305,219011757,45.47911588729507,9.22168539028428,296
2079,4118007050,45.494112783694895,9.182805886202686,296
1369,3718005937,45.49635355362696,9.19466499805162,296
2100,4118007073,45.49258216378816,9.1989097682399,296
2195,4118007185,45.52436242322533,9.192593359800297,297
877,1219014705,45.48006289999999,9.2111133,297
213,219011661,45.47797553741077,9.203879418369867,298
1366,3718005934,45.51239061656211,9.221664826044503,298
1163,3718005574,45.49495382147047,9.2150351897551,298
1307,3718005811,45.48642751730211,9.215528778680325,298
1156,3718005564,45.51792230188016,9.221606043823158,298
2604,4318007852,45.49971166673743,9.194892763994517,298
2087,4118007060,45.486499210905116,9.187671102759964,299
619,1219014418,45.480223919467385,9.210927180356633,299
2482,4318007705,45.49307602501622,9.222302709693057,299
1322,3718005829,45.492088460221254,9.194050872450477,299
1711,4118006423,45.5110754,9.1917781,299
2332,4318007520,45.47184400998511,9.216975174593472,299
66,119010922,45.509642469682596,9.243675892528927,299
3083,5018009819,45.506940489757156,9.253238444844099,299
1235,3718005717,45.5179592,9.2098535,299
1568,3718006219,45.49439621162077,9.214499864581512,299
28,119010871,45.50267089494065,9.244117070940886,300
3139,5018010121,45.4741312,9.2241025,300
2481,4318007704,45.5169323033381,9.230331433572587,300
778,1219014583,45.48419160733147,9.202675774246927,300
577,1219014373,45.485284630829184,9.20333593048258,300
985,1419015261,45.47913917548171,9.22657088649612,301
158,219011601,45.5091257653389,9.247131380462974,301
817,1219014622,45.47442950784528,9.206045599019603,301
613,1219014411,45.4851085603315,9.20343888515879,301
2188,4118007174,45.49540133492299,9.207521696227332,301
151,219011593,45.497343365242926,9.234919303293509,301
2711,4318008006,45.5261434,9.192245800000002,301
41,119010890,45.5069798,9.2296184,302
2748,4318008056,45.49858449261519,9.19956331889864,302
1862,4118006630,45.490498462678616,9.237052814336494,302
1974,4118006910,45.500246533395995,9.22881101477401,302
2348,4318007541,45.487691301585556,9.221376677216199,302
3117,5018010099,45.48096312344398,9.226391274346838,302
172,219011617,45.50118150061435,9.23492921045613,303
142,219011583,45.493126261308,9.221418627408752,303
2199,4118007198,45.4904214,9.1887094,303
1638,3718006307,45.5119814,9.1987648,303
3002,5018009617,45.50187033056071,9.239853109887008,304
254,219011705,45.469237220135234,9.208703503337917,304
81,219010938,45.51030116564817,9.254052076548874,304
1042,3618004298,45.4811144,9.2256273,304
1368,3718005936,45.512250961746204,9.221281445068598,304
486,519011949,45.47572624482065,9.219275577909912,304
903,1219014731,45.484569726565894,9.21531010828403,304
1682,4118006370,45.49623944955286,9.196901523415589,304
1533,3718006180,45.51768106273986,9.21064027882244,305
2895,5018009404,45.518063999434965,9.247063983428916,305
859,1219014673,45.48464374370146,9.215093453800591,305
1800,4118006550,45.51569588351628,9.193516383604448,305
841,1219014647,45.4748214111914,9.204669930725233,305
603,1219014400,45.48482679534377,9.205623507700468,305
2116,4118007091,45.49570778746511,9.202983377598684,305
1888,4118006679,45.486078939932305,9.241192647573826,305
1905,4118006714,45.51460026184046,9.227256740481607,306
1971,4118006899,45.49126215894351,9.218097981304934,306
2676,4318007965,45.491630044116185,9.19215538684432,306
1527,3718006174,45.46833784702261,9.210729207397776,307
1191,3718005624,45.47081697767349,9.21468935235066,307
1203,3718005679,45.49596270000001,9.1979269,307
2215,4318007375,45.47346330890316,9.232057109915104,307
2664,4318007952,45.51133460000001,9.190920599999998,308
2487,4318007710,45.48478074019822,9.230000050847368,308
679,1219014478,45.467807564676534,9.20620621005935,308
1858,4118006626,45.47934849701501,9.226622968198852,308
856,1219014669,45.4838745,9.214296,308
3143,5018010126,45.4806045,9.224997300000002,308
2367,4318007564,45.517217791335966,9.226222671451067,308
1753,4118006484,45.5073376,9.1916054,309
163,219011608,45.50584048235479,9.228930838997258,309
1741,4118006469,45.508065,9.1985526,309
819,1219014624,45.486961477094574,9.202807743596397,310
3061,5018009688,45.48020199332297,9.233951237248448,310
336,219011789,45.4910398,9.2231969,310
1064,3618004948,45.49830409108488,9.225246673917466,310
1184,3718005613,45.478916144694395,9.200660914351033,310
621,1219014420,45.47460346215345,9.204468008233787,310
971,1419015246,45.478653092494326,9.225814733651534,310
2395,4318007601,45.4871389,9.2179303,310
2843,5018009341,45.50534620000001,9.22605,310
810,1219014615,45.4852278,9.2058838,310
1169,3718005581,45.48164013810447,9.20032137759074,310
481,519011943,45.476469,9.2087376,311
3101,5018009841,45.50871792479682,9.255545959613984,311
1565,3718006216,45.48507231163593,9.20990475571864,312
535,1219014064,45.47587313702263,9.206878584655783,312
544,1219014077,45.47763673583541,9.208128341246491,312
3102,5018009842,45.48462306852803,9.236181793853802,312
1349,3718005895,45.514908798042434,9.206919738947589,312
2533,4318007772,45.50745996065428,9.195236513494136,312
341,219011794,45.50479897205161,9.222087460505577,312
2296,4318007479,45.503517519687776,9.191395940782288,312
1326,3718005838,45.48350606667302,9.198286543065253,312
1786,4118006528,45.499389141383006,9.201462174893436,313
196,219011642,45.47884399356757,9.207382548547232,313
122,219011036,45.468919891447285,9.232492965273877,313
1345,3718005887,45.521593641296604,9.209690466731788,313
2537,4318007777,45.4993183,9.1874917,313
1870,4118006643,45.4829777,9.2317355,313
1874,4118006649,45.47754383106768,9.243244734231894,313
1461,3718006071,45.49465569306133,9.195944195204786,313
2990,5018009605,45.49769726806976,9.231574253555664,314
1652,3718006327,45.494457232575854,9.185336081199468,314
1524,3718006171,45.478130291641826,9.203879709108037,314
294,219011745,45.4830129461298,9.21437132376343,314
2518,4318007752,45.492491945486705,9.192512636620904,315
850,1219014660,45.4843824,9.2148387,315
2478,4318007700,45.52131000828436,9.227093125801957,315
1798,4118006545,45.5095136,9.1923475,315
2403,4318007609,45.4810347,9.2252524,315
1910,4118006725,45.4813486,9.1967373,315
1494,3718006134,45.48904952982909,9.192961746255492,315
447,219011908,45.4679929,9.2101829,316
1213,3718005689,45.51252070057931,9.224337025308275,316
1189,3718005619,45.48116306112913,9.214682875061044,316
2721,4318008016,45.51462487905304,9.18918787769826,317
902,1219014730,45.48030787853642,9.211274051053694,317
865,1219014684,45.48586188071052,9.216023306082207,317
2429,4318007639,45.490345877235356,9.222110633729585,317
2167,4118007145,45.510897482311755,9.20622767389068,317
539,1219014071,45.47496840006893,9.205472239203461,317
2050,4118007017,45.4893933,9.1858979,317
851,1219014664,45.4848886,9.215627,317
1034,3218004031,45.497342095759116,9.186395709058733,317
1159,3718005569,45.48077402535478,9.206278748266755,318
1605,3718006268,45.4819467,9.2447002,318
1151,3718005557,45.48504139204928,9.210509248272727,318
2674,4318007963,45.51779184886993,9.199577337813023,319
497,519011960,45.47645712313386,9.208247523487103,319
1022,1419015466,45.482241654620076,9.212726842665688,319
1690,4118006382,45.48689896172379,9.200001525372274,319
2428,4318007638,45.4708379778026,9.221452328337818,319
2150,4118007125,45.4897725,9.1853495,319
1659,4118006337,45.526300283572255,9.206367310381438,320
1641,3718006312,45.488820900055686,9.20036034802797,320
1110,3718005508,45.48785832132065,9.212917649524002,320
2601,4318007849,45.50876693174945,9.191548894162224,320
1759,4118006494,45.51975909690616,9.187807648563306,320
1780,4118006521,45.48960549335269,9.20108914494881,321
1161,3718005572,45.519194054733106,9.223096234423226,321
894,1219014722,45.48023612042556,9.211173380812738,321
1171,3718005585,45.47202163604218,9.213349799856699,321
572,1219014367,45.4780659273641,9.226898824851332,321
1182,3718005608,45.479108838308065,9.212607485935225,321
541,1219014074,45.4769689,9.2074989,321
1018,1419015458,45.48248513881999,9.213119578534132,322
2160,4118007136,45.50293017848436,9.211022751119572,322
2575,4318007820,45.48102967906127,9.203611815024944,322
1950,4118006839,45.48850705465333,9.244126419249255,322
2418,4318007625,45.478606670516825,9.20272976970773,322
1239,3718005721,45.51443475464506,9.22288576194012,322
1467,3718006082,45.48463558971609,9.195001597465307,322
2405,4318007611,45.47860422066478,9.200115127919844,322
1220,3718005696,45.513971063725435,9.224461864324779,323
750,1219014554,45.479990337074966,9.193659518111872,323
2140,4118007115,45.48655131037901,9.186807854980543,323
2178,4118007160,45.49526432547432,9.201040839849156,323
1552,3718006200,45.513353150667065,9.209869322989563,324
3050,5018009670,45.47939817434774,9.231374457199536,324
3063,5018009694,45.48000593895149,9.233688937156105,324
1195,3718005637,45.483637549290435,9.21485352398679,324
1324,3718005835,45.4832607,9.1974119,324
1477,3718006114,45.487872583238676,9.193447989880726,324
1126,3718005526,45.48756861565,9.20906813718466,324
1715,4118006430,45.51153185060596,9.202439786354491,324
2639,4318007914,45.508385307425534,9.191789917533695,325
1983,4118006932,45.47846036534063,9.25737896485066,325
1948,4118006829,45.489307163212786,9.243479511083363,325
448,219011909,45.477156198967606,9.220837238871582,325
1337,3718005869,45.4914261193631,9.205597841688814,325
1937,4118006801,45.481675422270136,9.244901648582527,325
1196,3718005639,45.48127709497631,9.214750912103911,326
2988,5018009603,45.49664656721329,9.231272353798886,326
1775,4118006516,45.486632015873745,9.191420454713807,326
605,1219014402,45.48526025320587,9.202983553358195,326
1327,3718005839,45.48330479999999,9.194934,326
962,1419015237,45.478214225767225,9.225864152498618,326
1625,3718006292,45.4819469,9.2412136,326
1321,3718005827,45.51314773694522,9.210011273857504,326
1843,4118006609,45.47863029970482,9.225639172575713,326
518,1219014037,45.47642929999999,9.2068841,327
2558,4318007803,45.501150217169545,9.194947949716834,327
739,1219014542,45.48086130898754,9.187722712744062,327
1441,3718006041,45.47802714845182,9.215071837917435,327
991,1419015267,45.478394807027065,9.22680543813044,327
2250,4318007424,45.50041588710022,9.19433407896031,328
3052,5018009673,45.48425623899286,9.236795885571267,328
1613,3718006277,45.4822525,9.2391038,328
1909,4118006724,45.499830513391295,9.225901839925882,328
2543,4318007787,45.50848834327311,9.19230398799698,329
170,219011615,45.506923,9.2352511,329
2408,4318007614,45.471626558024646,9.217430444015463,329
2155,4118007130,45.491719118850575,9.203321129596134,329
1951,4118006840,45.48439766761635,9.201966207010855,329
1367,3718005935,45.49575455292866,9.198628723438443,330
97,219010956,45.509337486754035,9.24748602948182,330
1106,3718005502,45.47933135936779,9.204981855185107,330
616,1219014414,45.485938969681385,9.206827364931314,330
174,219011619,45.49755043561951,9.234650723574873,330
2228,4318007390,45.47281069003275,9.217094123050288,330
2610,4318007858,45.50706209426918,9.19688409265848,330
2310,4318007495,45.48606926667918,9.221321342991589,330
2273,4318007451,45.50087655814101,9.1903220410519,330
2386,4318007591,45.51907635113848,9.226461804942119,331
2201,4118007201,45.5029611,9.1891569,331
964,1419015239,45.477435,9.22664,331
684,1219014483,45.48084013718685,9.188358710323428,331
2417,4318007624,45.47987421321824,9.244030787485826,331
1021,1419015463,45.48230557965538,9.212763145266877,332
2009,4118006971,45.47977065538746,9.226518153865413,332
206,219011653,45.48091592196764,9.209521658094443,332
1253,3718005742,45.48015129508745,9.199361573864737,332
1226,3718005704,45.48406822094882,9.212626190455351,332
1548,3718006196,45.480339338962004,9.19651812941811,332
398,219011854,45.4843849,9.2250009,332
1448,3718006050,45.51734991502184,9.212190682189998,333
247,219011698,45.477994473607524,9.219433445632717,333
2960,5018009572,45.50939277853613,9.247433138848919,333
1973,4118006905,45.49979087299042,9.22602367252125,333
52,119010902,45.512695,9.2299901,334
311,219011763,45.483617683287925,9.2146973733727,334
1047,3618004316,45.4825693,9.2342079,335
2427,4318007637,45.479687238257405,9.208289904978756,335
3007,5018009622,45.50332325384112,9.240498530645256,335
1352,3718005910,45.484278110244475,9.200180807691366,335
1941,4118006810,45.47968858391931,9.242932103686826,335
2362,4318007558,45.491722117926855,9.224322361258487,335
1075,3718005451,45.51378107291863,9.220632669457133,335
226,219011674,45.478373864109145,9.206982894533098,335
1475,3718006112,45.50161495330904,9.21950418416975,335
528,1219014054,45.4766976,9.2072129,336
342,219011795,45.50119335327775,9.221420893502682,336
1214,3718005690,45.51279499890508,9.211796431354855,336
1547,3718006195,45.48549215405586,9.209211356401623,337
2108,4118007082,45.4944848,9.1831056,337
2067,4118007037,45.497465704623224,9.197683850608657,337
525,1219014046,45.47516629999999,9.2060596,337
1720,4118006439,45.5095136,9.1923475,337
764,1219014569,45.48473372861269,9.202716081838844,338
1535,3718006182,45.48493899169049,9.207625880099387,338
2162,4118007140,45.500127323732464,9.200386479353027,338
917,1219014745,45.48044238702246,9.211127187696775,339
2014,4118006976,45.49056046918059,9.181433779540267,339
2462,4318007679,45.48002385925564,9.242580430393788,339
194,219011640,45.48148759223663,9.208243604561176,340
1849,4118006617,45.48903738534492,9.232717718547294,340
586,1219014382,45.48580462841939,9.20651780682556,340
1985,4118006935,45.4795819,9.2266381,340
2255,4318007429,45.47898086512103,9.20162866966325,340
728,1219014529,45.48100549537747,9.186990876397317,340
766,1219014571,45.48662676819989,9.206840706575237,341
42,119010891,45.5058154,9.235096400000002,341
1374,3718005943,45.48734444530699,9.195099885732587,341
2477,4318007699,45.48599650884637,9.237427705457547,341
2400,4318007606,45.4993988,9.1904153,341
2763,4318008080,45.51805773522015,9.191872656450867,342
618,1219014416,45.48007590718293,9.198879293921207,342
316,219011768,45.47825227924823,9.219883186854306,342
1949,4118006833,45.494344684721106,9.203503372709747,342
168,219011613,45.50091009998725,9.236360977890401,343
1655,4118006330,45.495326472018725,9.186700611426543,343
2204,4318007362,45.47352178356303,9.232698453407238,343
1254,3718005743,45.49707845244505,9.19972916149618,343
893,1219014721,45.48383228179018,9.214671829281087,343
1815,4118006569,45.48127447370308,9.242586645568737,344
1513,3718006160,45.46804564400946,9.208122275458775,344
2559,4318007804,45.489967321663656,9.187816723861488,344
1134,3718005535,45.48572750558218,9.212897880144851,344
1296,3718005798,45.4870119455365,9.215747319150296,345
1861,4118006629,45.489337259742356,9.23712297218026,345
1651,3718006326,45.49271033423111,9.196472609307534,345
1912,4118006728,45.49127216657109,9.240880107177533,345
563,1219014350,45.47820820000001,9.2088674,345
203,219011649,45.47828407815811,9.20705490038631,345
793,1219014598,45.486816685693185,9.202478315606868,345
1005,1419015429,45.48410860661347,9.214865094898867,345
2102,4118007076,45.5122381,9.2043536,345
1966,4118006886,45.498039513015506,9.220460253668987,346
560,1219014346,45.4789645,9.2095102,346
1990,4118006940,45.4736691,9.2417689,346
1722,4118006442,45.48917410000001,9.2396375,347
2026,4118006990,45.487560548975026,9.187217620498817,347
2939,5018009455,45.4709334813073,9.224114476613751,347
888,1219014716,45.484386853556614,9.215238924173377,347
1693,4118006385,45.49716085504366,9.197477395242233,348
847,1219014655,45.48528742151287,9.2157061428029,348
1274,3718005773,45.510204251772976,9.210556503471594,348
1073,3718005449,45.49959907128006,9.20918455593278,348
1236,3718005718,45.48354796466872,9.213675575943627,348
1425,3718006019,45.51501169090911,9.211076298533158,349
2505,4318007734,45.469799159462525,9.226650545492703,349
1810,4118006561,45.49167320828771,9.184064971127784,350
2106,4118007080,45.488106172117824,9.187802959407804,350
579,1219014375,45.48614281003221,9.206633318841458,350
1068,3718005439,45.48546349401723,9.20919730852495,350
1771,4118006511,45.498785852851256,9.198336125733364,351
3021,5018009637,45.4709093,9.2350437,352
794,1219014599,45.48647018722161,9.202679885679004,352
1807,4118006557,45.49699425262988,9.189815202404134,352
1495,3718006135,45.4841247097965,9.206947334898247,352
549,1219014321,45.48013087498774,9.210602070728328,352
2103,4118007077,45.486602002994175,9.186894223463923,352
2900,5018009410,45.51742723459258,9.245747623741297,352
2154,4118007129,45.49943679017507,9.19870026909348,353
2817,4718009309,45.484359023685634,9.217230495303967,353
2961,5018009573,45.50870344531637,9.246638199102224,353
1848,4118006616,45.490810983928654,9.231327510761618,353
2422,4318007631,45.48887161786102,9.217299143765104,353
565,1219014352,45.47891200754732,9.209575107242928,354
1339,3718005875,45.482415525065505,9.212120713318654,354
1579,3718006238,45.493545591870834,9.213507363331246,354
3118,5018010100,45.48019419646136,9.226450440974304,355
570,1219014365,45.4784515,9.2091659,355
721,1219014522,45.4803258392489,9.19219765509001,356
2425,4318007635,45.487265,9.2167186,356
1283,3718005785,45.4925303428901,9.215340985412807,356
710,1219014511,45.480741042070996,9.18716440846208,356
1335,3718005859,45.48814743386826,9.204772180997224,357
513,1219014032,45.47536026711004,9.205836839079213,358
45,119010894,45.51218520000001,9.224354,358
1794,4118006536,45.496648385911065,9.200480872773936,358
816,1219014621,45.47439447484215,9.206444446483717,359
1782,4118006523,45.51282851437646,9.214016109414843,359
2483,4318007706,45.519300986686275,9.226853374536859,359
34,119010880,45.51103970000001,9.227740400000002,359
1746,4118006475,45.515447801116075,9.193625679703018,359
2868,5018009367,45.51163789536656,9.246595357064166,359
2248,4318007422,45.49705891872283,9.19175231998247,360
548,1219014319,45.4793334513385,9.209770805269956,360
269,219011720,45.482397496866724,9.219289027307582,361
144,219011585,45.49959813172713,9.240250035492863,361
1872,4118006646,45.48688327925335,9.254079678347123,361
1915,4118006745,45.517360567911894,9.22598250840406,361
906,1219014734,45.48401479536952,9.202208100000009,362
2319,4318007505,45.47339541219779,9.22923292753876,362
1249,3718005732,45.48373911115461,9.21503003597752,362
1155,3718005563,45.521648862979724,9.212439699378363,362
2191,4118007180,45.518854993815786,9.192021842965687,362
1684,4118006373,45.52224601025505,9.204056175357778,362
1248,3718005731,45.47741771605112,9.211773494539557,363
495,519011958,45.475237081878355,9.204113535424312,363
1055,3618004328,45.48295757782428,9.236413092201246,364
1384,3718005956,45.50062229118237,9.21166722390035,364
1953,4118006842,45.49409085379777,9.238955245011313,364
2022,4118006986,45.486317434753246,9.188571849261963,364
1432,3718006029,45.48278891330384,9.209471291781824,365
2344,4318007536,45.47334034311244,9.21956155975124,366
280,219011731,45.48031851875677,9.221288372662913,366
789,1219014594,45.4869537885705,9.203329362058184,366
515,1219014034,45.47483078081435,9.205572752778608,366
2739,4318008037,45.51684772507014,9.19095700910691,367
2582,4318007827,45.501604625109564,9.193745031768456,367
2059,4118007028,45.49578731696205,9.203088221019245,367
1297,3718005799,45.487167846945006,9.213537251841784,368
1765,4118006501,45.498547119906256,9.203147073909918,369
2011,4118006973,45.48258418819145,9.242531873313169,369
155,219011598,45.502009060547294,9.237644363760182,370
1389,3718005964,45.50156160880235,9.219432590716336,370
724,1219014525,45.481252882347796,9.187091802077363,371
871,1219014696,45.484197587100105,9.214458077038444,372
2724,4318008019,45.52320124856305,9.195518715058824,372
2673,4318007962,45.52468781399032,9.192260955892946,372
1854,4118006622,45.4870770357849,9.2332906210072,372
2074,4118007045,45.48749793940092,9.187066161754958,373
205,219011652,45.478963546030464,9.205765634874297,373
2976,5018009590,45.4983696071329,9.23265035533086,373
1930,4118006790,45.47390770000646,9.244730521284737,373
2776,4318008106,45.48788467737853,9.18719752877314,373
470,519011932,45.476870310396244,9.20659572943316,373
1598,3718006260,45.4847451,9.235696699999998,374
1623,3718006290,45.490915672669246,9.18381383864039,375
1584,3718006243,45.4887671434618,9.213263593890815,375
2579,4318007824,45.47924349322675,9.205004772949678,376
1988,4118006938,45.47480013204055,9.248155728045617,376
833,1219014638,45.484423195520755,9.202894385307788,376
2419,4318007627,45.480976,9.2250856,377
2353,4318007547,45.46820210937578,9.23306156271144,377
283,219011734,45.47575518199053,9.215091384710377,377
1278,3718005779,45.478517019975435,9.204268261262088,377
2354,4318007548,45.49125128997504,9.218389288216938,378
1375,3718005944,45.49415831094378,9.209463963242683,378
610,1219014407,45.48521078360304,9.203625289290585,378
2219,4318007380,45.5203073139559,9.227159565297484,378
1111,3718005509,45.49495306274489,9.209352281790416,378
837,1219014643,45.48683356689127,9.202987627166637,379
1450,3718006052,45.502288613700046,9.197930070653797,380
524,1219014044,45.4762793,9.2066887,380
1645,3718006316,45.51151500997463,9.200476561970163,380
161,219011604,45.50264556676774,9.238676092402102,380
1503,3718006144,45.49355784080308,9.210184290353707,380
2291,4318007474,45.48262618748624,9.242601610747556,380
2591,4318007836,45.5001050973603,9.193581818049665,380
3016,5018009632,45.4714293,9.2366527,380
889,1219014717,45.48054434655182,9.19861726354111,381
1183,3718005612,45.467699521040686,9.210284347522249,381
140,219011054,45.47849235277401,9.229899278088167,381
24,119010864,45.5088402,9.236243,382
2307,4318007492,45.47731841612549,9.201621911618533,382
761,1219014566,45.486172517896755,9.207139197824175,383
1839,4118006604,45.47918569497809,9.226488556886807,383
2600,4318007848,45.50515326638126,9.194280062057148,383
2235,4318007401,45.467568117443456,9.224461507029446,384
1090,3718005476,45.46827261788087,9.214803265290811,385
1371,3718005940,45.493072224341105,9.208762995869279,385
1545,3718006193,45.51246430621886,9.224518354670067,385
1067,3718005336,45.484882182917225,9.236323487252433,385
1049,3618004318,45.483424742349385,9.236279501518991,386
120,219011033,45.491594512572526,9.249263003174859,386
1882,4118006665,45.49011625246299,9.241384156591039,386
886,1219014714,45.48328112657717,9.213729358461592,387
2706,4318007999,45.50334004135622,9.196388482686867,389
566,1219014353,45.47853075729247,9.20902982513121,389
154,219011596,45.50060352179863,9.235797752248802,390
1480,3718006117,45.49135669701796,9.211540295845225,390
867,1219014687,45.486539262268494,9.217418150234607,391
1128,3718005528,45.48656820916143,9.215456342068933,392
585,1219014381,45.48527179299986,9.203560775537651,393
2551,4318007796,45.496456205938884,9.193131293993927,393
2972,5018009585,45.49303715506298,9.225323077785449,394
546,1219014278,45.48673474342617,9.216995860021598,394
1604,3718006266,45.49670417910125,9.189654052711038,394
901,1219014729,45.48053060996889,9.199293595299878,395
887,1219014715,45.4813153,9.199567,397
134,219011048,45.478526690558546,9.234324017417293,397
2355,4318007549,45.48490645511567,9.236442423741323,398
608,1219014405,45.486064062163,9.206551573004162,399
624,1219014423,45.48240085301454,9.187512213531589,399
1895,4118006695,45.492354799460315,9.19418085825214,399
2152,4118007127,45.49655129924011,9.200976839343411,399
730,1219014531,45.480960228767394,9.187052244423626,400
1825,4118006584,45.49450722428402,9.185321453325287,401
215,219011663,45.48602490443574,9.21400518647556,402
461,219011923,45.47660717815914,9.205504765451906,402
511,1219014012,45.48037031542366,9.18665524803339,402
1187,3718005616,45.47884874567635,9.213260530515981,404
606,1219014403,45.48517139072965,9.203651891770962,404
3017,5018009633,45.47306029999999,9.2352926,404
1446,3718006048,45.48144370000001,9.1982523,404
2525,4318007762,45.5129134,9.185056199999998,406
2495,4318007724,45.47349649592435,9.233664057499366,406
564,1219014351,45.4799693,9.2104859,406
1586,3718006245,45.5222411,9.2125441,407
615,1219014413,45.48524401595407,9.203625898062226,407
592,1219014388,45.484913202853356,9.205684309274151,408
2004,4118006963,45.491309614251726,9.236768501778556,408
2698,4318007990,45.51649957882589,9.20592024805319,408
1445,3718006047,45.48922818524397,9.205914055852304,408
767,1219014572,45.48562360211368,9.20260470353776,411
1528,3718006175,45.49131786254176,9.215874108889807,411
1668,4118006351,45.4889744,9.1858076,411
1242,3718005724,45.46801963444498,9.210123272600867,412
1828,4118006587,45.482524100000006,9.2412358,412
1306,3718005810,45.48590797518122,9.215038683275909,413
1583,3718006242,45.494257800331404,9.21435092438628,413
1793,4118006535,45.48900034725372,9.189093400202637,413
772,1219014577,45.48507376928765,9.20351807610018,414
2282,4318007464,45.4875041696282,9.217344012532637,415
1459,3718006063,45.48319553756794,9.198080324289664,417
760,1219014565,45.484488025359575,9.203747286153883,419
872,1219014697,45.48456893301418,9.214917419437144,419
173,219011618,45.499840491634636,9.24055185215582,422
44,119010893,45.5055499,9.2339256,423
790,1219014595,45.48595235076561,9.20277146588728,424
2077,4118007048,45.51127178031269,9.203021341819637,424
1599,3718006261,45.49465017923581,9.184936127340167,425
783,1219014588,45.486697153633386,9.202867785329543,425
1165,3718005577,45.48391169414109,9.210050308874543,425
590,1219014386,45.48450807985175,9.204481950520858,427
1574,3718006232,45.49306100283857,9.216587765794088,427
593,1219014389,45.484516615031204,9.204320805081693,427
1629,3718006297,45.49652086254121,9.191599383167613,427
1424,3718006018,45.499652377727614,9.21196880715854,428
517,1219014036,45.47602586169613,9.206493357464524,429
1020,1419015462,45.48028315511542,9.210785851683227,430
1286,3718005788,45.48545443642832,9.210055748428887,431
2177,4118007158,45.4909412,9.186226,434
720,1219014521,45.48101408161874,9.187016978111842,434
189,219011635,45.481225337412866,9.208752064805141,435
825,1219014630,45.486927674430454,9.203137480269334,437
1667,4118006348,45.49428762391328,9.20351629762024,441
899,1219014727,45.483587925892756,9.214222649975682,441
2166,4118007144,45.4883762479387,9.189013160560194,442
1198,3718005656,45.4787778657034,9.213197333664313,445
475,519011937,45.47634116621026,9.208498677986428,453
2861,5018009360,45.50706693662949,9.223196192121804,455
2323,4318007510,45.470894887173756,9.22249559571651,455
542,1219014075,45.4775265,9.208015,460
187,219011633,45.4768779045862,9.201132528978404,460
784,1219014589,45.48657654094428,9.202783068428062,463
1080,3718005461,45.51432547663765,9.223683095303839,475
869,1219014691,45.4841436,9.2146783,477
1588,3718006248,45.49120858677925,9.215925238617046,480
862,1219014678,45.482137066454364,9.212816821954448,480
751,1219014555,45.479682923232524,9.19431313580935,483
776,1219014581,45.48433535481946,9.204135320855585,488
1537,3718006185,45.48339310714528,9.210337413633852,488
1485,3718006122,45.49160702514875,9.206844419648977,503
1057,3618004574,45.484292738217036,9.236048296734454,512
2276,4318007456,45.4908549,9.2181149,518
785,1219014590,45.48443058478343,9.203779375523595,541
2415,4318007621,45.48693454034543,9.217634594691276,548
